1-к. квартира, 32,2м², 17/18эт.;/stavropol/kvartiry/1-k._kvartira_322m_1718et._2360208358;2500000₽;ул. Тюльпановая, д. 12
1-к. квартира, 37,4м², 2/18эт.;/stavropol/kvartiry/1-k._kvartira_374m_218et._2360758057;2880000₽;ул. Тюльпановая, д. 12
1-к. квартира, 36м², 1/18эт.;/stavropol/kvartiry/1-k._kvartira_36m_118et._2328636735;2560000₽;ул. Тюльпановая, д. 12
1-к. квартира, 39,7м², 6/16эт.;/stavropol/kvartiry/1-k._kvartira_397m_616et._2249039062;2581000₽;ул. Южный Обход, д. 53Г
1-к. квартира, 31м², 16/18эт.;/stavropol/kvartiry/1-k._kvartira_31m_1618et._2200172733;2380000₽;ул. Тюльпановая, д. 12
1-к. квартира, 36,6м², 2/18эт.;/stavropol/kvartiry/1-k._kvartira_366m_218et._2200313833;2820000₽;ул. Тюльпановая, д. 12
1-к. квартира, 30,4м², 17/18эт.;/stavropol/kvartiry/1-k._kvartira_304m_1718et._2360260405;2380000₽;ул. Тюльпановая, д. 12
1-к. квартира, 36м², 11/25эт.;/stavropol/kvartiry/1-k._kvartira_36m_1125et._2232785643;2720000₽;ул. Тюльпановая, д. 12
1-к. квартира, 30,4м², 17/18эт.;/stavropol/kvartiry/1-k._kvartira_304m_1718et._2360260405;2380000₽;ул. Тюльпановая, д. 12
1-к. квартира, 32,2м², 17/18эт.;/stavropol/kvartiry/1-k._kvartira_322m_1718et._2360697339;2500000₽;ул. Тюльпановая, д. 12
1-к. квартира, 38м², 2/18эт.;/stavropol/kvartiry/1-k._kvartira_38m_218et._2200310731;2880000₽;ул. Тюльпановая, д. 12
1-к. квартира, 35,3м², 12/18эт.;/stavropol/kvartiry/1-k._kvartira_353m_1218et._2360836092;2720000₽;ул. Тюльпановая, д. 12
1-к. квартира, 32,2м², 17/18эт.;/stavropol/kvartiry/1-k._kvartira_322m_1718et._2360697339;2500000₽;ул. Тюльпановая, д. 12
1-к. квартира, 30м², 17/18эт.;/stavropol/kvartiry/1-k._kvartira_30m_1718et._2327951818;2380000₽;ул. Тюльпановая, д. 12
1-к. квартира, 37,4м², 2/18эт.;/stavropol/kvartiry/1-k._kvartira_374m_218et._2360758057;2880000₽;ул. Тюльпановая, д. 12
1-к. квартира, 35,3м², 12/18эт.;/stavropol/kvartiry/1-k._kvartira_353m_1218et._2360836092;2720000₽;ул. Тюльпановая, д. 12
1-к. квартира, 36,6м², 2/18эт.;/stavropol/kvartiry/1-k._kvartira_366m_218et._2200313833;2820000₽;ул. Тюльпановая, д. 12
1-к. квартира, 35,4м², 10/18эт.;/stavropol/kvartiry/1-k._kvartira_354m_1018et._2232649078;2720000₽;ул. Тюльпановая, д. 12
1-к. квартира, 35,3м², 12/18эт.;/stavropol/kvartiry/1-k._kvartira_353m_1218et._2360050710;2720000₽;ул. Тюльпановая, д. 12
1-к. квартира, 32,5м², 16/18эт.;/stavropol/kvartiry/1-k._kvartira_325m_1618et._2232432915;2500000₽;ул. Тюльпановая, д. 12
1-к. квартира, 30,8м², 15/18эт.;/stavropol/kvartiry/1-k._kvartira_308m_1518et._2200615569;2380000₽;ул. Тюльпановая, д. 12
1-к. квартира, 34м², 8/18эт.;/stavropol/kvartiry/1-k._kvartira_34m_818et._2066582939;3690000₽;ул. Тухачевского, д. 30/7
1-к. квартира, 39,4м², 15/23эт.;/stavropol/kvartiry/1-k._kvartira_394m_1523et._2319149887;3230000₽;пр-т Кулакова , д. 5/1
1-к. квартира, 32,3м², 10/18эт.;/stavropol/kvartiry/1-k._kvartira_323m_1018et._2264610907;2500000₽;ул. Тюльпановая, д. 12
1-к. квартира, 48м², 2/4эт.;/stavropol/kvartiry/1-k._kvartira_48m_24et._2360442620;3880000₽;ул. Алмазная, д. 20, корп. 3, блок-секция 1-5
1-к. квартира, 38м², 2/18эт.;/stavropol/kvartiry/1-k._kvartira_38m_218et._2200310731;2880000₽;ул. Тюльпановая, д. 12
1-к. квартира, 33,6м², 14/20эт.;/stavropol/kvartiry/1-k._kvartira_336m_1420et._2346608740;3100000₽;ул. Матрёны Наздрачёвой, з/у 3/1
1-к. квартира, 36м², 18/18эт.;/stavropol/kvartiry/1-k._kvartira_36m_1818et._2325469777;3700000₽;ул. Генерала Маргелова, д. 9/2
1-к. квартира, 53,2м², 2/8эт.;/stavropol/kvartiry/1-k._kvartira_532m_28et._2301127009;4522000₽;Ставрополь, улица Алексея Яковлева
1-к. квартира, 38,7м², 2/8эт.;/stavropol/kvartiry/1-k._kvartira_387m_28et._2301719121;3289500₽;Ставрополь, улица Алексея Яковлева, 1/1
1-к. квартира, 35м², 7/18эт.;/stavropol/kvartiry/1-k._kvartira_35m_718et._2313420207;3350000₽;ул. Генерала Маргелова, д. 3/1
1-к. квартира, 54,6м², 5/8эт.;/stavropol/kvartiry/1-k._kvartira_546m_58et._2301417962;3822000₽;кв-л 529, жилой дом
1-к. квартира, 40,5 м², 6/8 эт.;/stavropol/kvartiry/1-k._kvartira_405_m_68_et._2297328597;3442500₽;ул. Алексея Яковлева, д. 1/1
1-к. квартира, 38м², 23/25эт.;/stavropol/kvartiry/1-k._kvartira_38m_2325et._2301448912;2774000₽;ул. Тюльпановая, д. 10
1-к. квартира, 38,5м², 10/16эт.;/stavropol/kvartiry/1-k._kvartira_385m_1016et._2249170384;2502500₽;ул. Южный Обход, д. 53Г
1-к. квартира, 35,5м², 12/20эт.;/stavropol/kvartiry/1-k._kvartira_355m_1220et._2322840178;3100000₽;ул. Матрёны Наздрачёвой, з/у 3/3
1-к. квартира, 42м², 5/9эт.;/stavropol/kvartiry/1-k._kvartira_42m_59et._1920580982;2628120₽;ул. Чапаева, д. 4/1Б
1-к. квартира, 45,1м², 8/9эт.;/stavropol/kvartiry/1-k._kvartira_451m_89et._2347815401;2900000₽;ул. Чапаева, 4/1Б
1-к. квартира, 42,8м², 7/10эт.;/stavropol/kvartiry/1-k._kvartira_428m_710et._2356543809;4160000₽;ул. Матрёны Наздрачёвой, з/у 3/2
1-к. квартира, 33м², 9/18эт.;/stavropol/kvartiry/1-k._kvartira_33m_918et._2354720014;3300000₽;ул. Тухачевского, д. 30/7
1-к. квартира, 34м², 12/20эт.;/stavropol/kvartiry/1-k._kvartira_34m_1220et._2354034790;3200000₽;ул. Матрёны Наздрачёвой, з/у 3/1
1-к. квартира, 37м², 5/16эт.;/stavropol/kvartiry/1-k._kvartira_37m_516et._2344321680;2821000₽;ул. Рогожникова, д. 21, корп. 3
1-к. квартира, 36,7м², 5/5эт.;/stavropol/kvartiry/1-k._kvartira_367m_55et._2272277629;2624050₽;Ставрополь, Черниговская улица, 4/1
1-к. квартира, 44м², 5/9эт.;/stavropol/kvartiry/1-k._kvartira_44m_59et._2292803788;2600000₽;ул. Чапаева, д. 4/1, корп. А
1-к. квартира, 39,9м², 2/15эт.;/stavropol/kvartiry/1-k._kvartira_399m_215et._2344281665;2780000₽;ул. Рогожникова, д. 21, корп. 3
1-к. квартира, 40м², 2/9эт.;/stavropol/kvartiry/1-k._kvartira_40m_29et._2309781108;3100000₽;ул. Чапаева, д. 4/1, корп. Б
1-к. квартира, 33,5м², 8/18эт.;/stavropol/kvartiry/1-k._kvartira_335m_818et._2309433503;2917500₽;ул. Матрёны Наздрачёвой, д. 7
1-к. квартира, 40,4м², 11/15эт.;/stavropol/kvartiry/1-k._kvartira_404m_1115et._2335629371;2600000₽;ул. Тюльпановая, д. 10
1-к. квартира, 33м², 4/10эт.;/stavropol/kvartiry/1-k._kvartira_33m_410et._2309452237;2875000₽;ул. Матрёны Наздрачёвой, д. 5/2
1-к. квартира, 43м², 10/19эт.;/stavropol/kvartiry/1-k._kvartira_43m_1019et._2294609228;3755000₽;ул. Матрёны Наздрачёвой, з/у 3
1-к. квартира, 40,5м², 11/19эт.;/stavropol/kvartiry/1-k._kvartira_405m_1119et._2196643593;5500000₽;ул. Генерала Маргелова, д. 7/2
1-к. квартира, 28,2м², 13/17эт.;/stavropol/kvartiry/1-k._kvartira_282m_1317et._2329126106;3100000₽;ул. Пирогова, д. 5/3, блок-секция 1-3
1-к. квартира, 36,1 м², 5/18 эт.;/stavropol/kvartiry/1-k._kvartira_361_m_518_et._2347253520;3068500₽;ул. Матрёны Наздрачёвой, д. 7/1
1-к. квартира, 38м², 21/25эт.;/stavropol/kvartiry/1-k._kvartira_38m_2125et._2303250256;3000000₽;ул. Доваторцев, д. 82/2, блок-секция 1-3
1-к. квартира, 36,1 м², 10/18 эт.;/stavropol/kvartiry/1-k._kvartira_361_m_1018_et._2347337999;3068500₽;ул. Матрёны Наздрачёвой, д. 5/2
1-к. квартира, 35,6м², 20/20эт.;/stavropol/kvartiry/1-k._kvartira_356m_2020et._2309789411;2989200₽;ул. Матрёны Наздрачёвой, з/у 3/3
1-к. квартира, 32,2м², 17/18эт.;/stavropol/kvartiry/1-k._kvartira_322m_1718et._2360208358;2500000₽;ул. Тюльпановая, д. 12
1-к. квартира, 37,4м², 2/18эт.;/stavropol/kvartiry/1-k._kvartira_374m_218et._2360758057;2880000₽;ул. Тюльпановая, д. 12
1-к. квартира, 36м², 1/18эт.;/stavropol/kvartiry/1-k._kvartira_36m_118et._2328636735;2560000₽;ул. Тюльпановая, д. 12
1-к. квартира, 39,7м², 6/16эт.;/stavropol/kvartiry/1-k._kvartira_397m_616et._2249039062;2581000₽;ул. Южный Обход, д. 53Г
1-к. квартира, 31м², 16/18эт.;/stavropol/kvartiry/1-k._kvartira_31m_1618et._2200172733;2380000₽;ул. Тюльпановая, д. 12
1-к. квартира, 36,6м², 2/18эт.;/stavropol/kvartiry/1-k._kvartira_366m_218et._2200313833;2820000₽;ул. Тюльпановая, д. 12
1-к. квартира, 30,4м², 17/18эт.;/stavropol/kvartiry/1-k._kvartira_304m_1718et._2360260405;2380000₽;ул. Тюльпановая, д. 12
1-к. квартира, 36м², 11/25эт.;/stavropol/kvartiry/1-k._kvartira_36m_1125et._2232785643;2720000₽;ул. Тюльпановая, д. 12
1-к. квартира, 30,4м², 17/18эт.;/stavropol/kvartiry/1-k._kvartira_304m_1718et._2360260405;2380000₽;ул. Тюльпановая, д. 12
1-к. квартира, 35,3м², 12/18эт.;/stavropol/kvartiry/1-k._kvartira_353m_1218et._2360050710;2720000₽;ул. Тюльпановая, д. 12
1-к. квартира, 36м², 11/25эт.;/stavropol/kvartiry/1-k._kvartira_36m_1125et._2232785643;2720000₽;ул. Тюльпановая, д. 12
1-к. квартира, 35,3м², 12/18эт.;/stavropol/kvartiry/1-k._kvartira_353m_1218et._2360836092;2720000₽;ул. Тюльпановая, д. 12
1-к. квартира, 32,2м², 17/18эт.;/stavropol/kvartiry/1-k._kvartira_322m_1718et._2360697339;2500000₽;ул. Тюльпановая, д. 12
1-к. квартира, 36,6м², 2/18эт.;/stavropol/kvartiry/1-k._kvartira_366m_218et._2200313833;2820000₽;ул. Тюльпановая, д. 12
1-к. квартира, 35,4м², 10/18эт.;/stavropol/kvartiry/1-k._kvartira_354m_1018et._2232649078;2720000₽;ул. Тюльпановая, д. 12
1-к. квартира, 48м², 2/4эт.;/stavropol/kvartiry/1-k._kvartira_48m_24et._2360442620;3880000₽;ул. Алмазная, д. 20, корп. 3, блок-секция 1-5
1-к. квартира, 30м², 17/18эт.;/stavropol/kvartiry/1-k._kvartira_30m_1718et._2327951818;2380000₽;ул. Тюльпановая, д. 12
1-к. квартира, 35,4м², 10/18эт.;/stavropol/kvartiry/1-k._kvartira_354m_1018et._2232649078;2720000₽;ул. Тюльпановая, д. 12
1-к. квартира, 35,3м², 12/18эт.;/stavropol/kvartiry/1-k._kvartira_353m_1218et._2360050710;2720000₽;ул. Тюльпановая, д. 12
1-к. квартира, 32,5м², 16/18эт.;/stavropol/kvartiry/1-k._kvartira_325m_1618et._2232432915;2500000₽;ул. Тюльпановая, д. 12
1-к. квартира, 30,8м², 15/18эт.;/stavropol/kvartiry/1-k._kvartira_308m_1518et._2200615569;2380000₽;ул. Тюльпановая, д. 12
1-к. квартира, 34м², 8/18эт.;/stavropol/kvartiry/1-k._kvartira_34m_818et._2066582939;3690000₽;ул. Тухачевского, д. 30/7
1-к. квартира, 39,4м², 15/23эт.;/stavropol/kvartiry/1-k._kvartira_394m_1523et._2319149887;3230000₽;пр-т Кулакова , д. 5/1
1-к. квартира, 32,3м², 10/18эт.;/stavropol/kvartiry/1-k._kvartira_323m_1018et._2264610907;2500000₽;ул. Тюльпановая, д. 12
1-к. квартира, 48м², 2/4эт.;/stavropol/kvartiry/1-k._kvartira_48m_24et._2360442620;3880000₽;ул. Алмазная, д. 20, корп. 3, блок-секция 1-5
1-к. квартира, 38м², 2/18эт.;/stavropol/kvartiry/1-k._kvartira_38m_218et._2200310731;2880000₽;ул. Тюльпановая, д. 12
1-к. квартира, 33,6м², 14/20эт.;/stavropol/kvartiry/1-k._kvartira_336m_1420et._2346608740;3100000₽;ул. Матрёны Наздрачёвой, з/у 3/1
1-к. квартира, 36м², 18/18эт.;/stavropol/kvartiry/1-k._kvartira_36m_1818et._2325469777;3700000₽;ул. Генерала Маргелова, д. 9/2
1-к. квартира, 53,2м², 2/8эт.;/stavropol/kvartiry/1-k._kvartira_532m_28et._2301127009;4522000₽;Ставрополь, улица Алексея Яковлева
1-к. квартира, 38,7м², 2/8эт.;/stavropol/kvartiry/1-k._kvartira_387m_28et._2301719121;3289500₽;Ставрополь, улица Алексея Яковлева, 1/1
1-к. квартира, 54,6м², 5/8эт.;/stavropol/kvartiry/1-k._kvartira_546m_58et._2301417962;3822000₽;кв-л 529, жилой дом
1-к. квартира, 35м², 7/18эт.;/stavropol/kvartiry/1-k._kvartira_35m_718et._2313420207;3350000₽;ул. Генерала Маргелова, д. 3/1
1-к. квартира, 40,5 м², 6/8 эт.;/stavropol/kvartiry/1-k._kvartira_405_m_68_et._2297328597;3442500₽;ул. Алексея Яковлева, д. 1/1
1-к. квартира, 38м², 23/25эт.;/stavropol/kvartiry/1-k._kvartira_38m_2325et._2301448912;2774000₽;ул. Тюльпановая, д. 10
1-к. квартира, 38,5м², 10/16эт.;/stavropol/kvartiry/1-k._kvartira_385m_1016et._2249170384;2502500₽;ул. Южный Обход, д. 53Г
1-к. квартира, 35,5м², 12/20эт.;/stavropol/kvartiry/1-k._kvartira_355m_1220et._2322840178;3100000₽;ул. Матрёны Наздрачёвой, з/у 3/3
1-к. квартира, 42м², 5/9эт.;/stavropol/kvartiry/1-k._kvartira_42m_59et._1920580982;2628120₽;ул. Чапаева, д. 4/1Б
1-к. квартира, 45,1м², 8/9эт.;/stavropol/kvartiry/1-k._kvartira_451m_89et._2347815401;2900000₽;ул. Чапаева, 4/1Б
1-к. квартира, 42,8м², 7/10эт.;/stavropol/kvartiry/1-k._kvartira_428m_710et._2356543809;4160000₽;ул. Матрёны Наздрачёвой, з/у 3/2
1-к. квартира, 33м², 9/18эт.;/stavropol/kvartiry/1-k._kvartira_33m_918et._2354720014;3300000₽;ул. Тухачевского, д. 30/7
1-к. квартира, 34м², 12/20эт.;/stavropol/kvartiry/1-k._kvartira_34m_1220et._2354034790;3200000₽;ул. Матрёны Наздрачёвой, з/у 3/1
1-к. квартира, 37м², 5/16эт.;/stavropol/kvartiry/1-k._kvartira_37m_516et._2344321680;2821000₽;ул. Рогожникова, д. 21, корп. 3
1-к. квартира, 36,7м², 5/5эт.;/stavropol/kvartiry/1-k._kvartira_367m_55et._2272277629;2624050₽;Ставрополь, Черниговская улица, 4/1
1-к. квартира, 44м², 5/9эт.;/stavropol/kvartiry/1-k._kvartira_44m_59et._2292803788;2600000₽;ул. Чапаева, д. 4/1, корп. А
1-к. квартира, 39,9м², 2/15эт.;/stavropol/kvartiry/1-k._kvartira_399m_215et._2344281665;2780000₽;ул. Рогожникова, д. 21, корп. 3
1-к. квартира, 40м², 2/9эт.;/stavropol/kvartiry/1-k._kvartira_40m_29et._2309781108;3100000₽;ул. Чапаева, д. 4/1, корп. Б
1-к. квартира, 33,5м², 8/18эт.;/stavropol/kvartiry/1-k._kvartira_335m_818et._2309433503;2917500₽;ул. Матрёны Наздрачёвой, д. 7
1-к. квартира, 40,4м², 11/15эт.;/stavropol/kvartiry/1-k._kvartira_404m_1115et._2335629371;2600000₽;ул. Тюльпановая, д. 10
1-к. квартира, 33м², 4/10эт.;/stavropol/kvartiry/1-k._kvartira_33m_410et._2309452237;2875000₽;ул. Матрёны Наздрачёвой, д. 5/2
1-к. квартира, 43м², 10/19эт.;/stavropol/kvartiry/1-k._kvartira_43m_1019et._2294609228;3755000₽;ул. Матрёны Наздрачёвой, з/у 3
1-к. квартира, 40,5м², 11/19эт.;/stavropol/kvartiry/1-k._kvartira_405m_1119et._2196643593;5500000₽;ул. Генерала Маргелова, д. 7/2
1-к. квартира, 28,2м², 13/17эт.;/stavropol/kvartiry/1-k._kvartira_282m_1317et._2329126106;3100000₽;ул. Пирогова, д. 5/3, блок-секция 1-3
1-к. квартира, 36,1 м², 5/18 эт.;/stavropol/kvartiry/1-k._kvartira_361_m_518_et._2347253520;3068500₽;ул. Матрёны Наздрачёвой, д. 7/1
1-к. квартира, 38м², 21/25эт.;/stavropol/kvartiry/1-k._kvartira_38m_2125et._2303250256;3000000₽;ул. Доваторцев, д. 82/2, блок-секция 1-3
1-к. квартира, 36,1 м², 10/18 эт.;/stavropol/kvartiry/1-k._kvartira_361_m_1018_et._2347337999;3068500₽;ул. Матрёны Наздрачёвой, д. 5/2
1-к. квартира, 35,6м², 20/20эт.;/stavropol/kvartiry/1-k._kvartira_356m_2020et._2309789411;2989200₽;ул. Матрёны Наздрачёвой, з/у 3/3
1-к. квартира, 35,7 м², 6/18 эт.;/stavropol/kvartiry/1-k._kvartira_357_m_618_et._2347208360;3034500₽;ул. Матрёны Наздрачёвой, д. 7/1
1-к. квартира, 38,2м², 6/17эт.;/stavropol/kvartiry/1-k._kvartira_382m_617et._2246102889;3500000₽;ул. Генерала Маргелова, д. 3/1
1-к. квартира, 64,7 м², 5/18 эт.;/stavropol/kvartiry/1-k._kvartira_647_m_518_et._2346897006;4690750₽;ул. Матрёны Наздрачёвой, д. 7
1-к. квартира, 42м², 8/9эт.;/stavropol/kvartiry/1-k._kvartira_42m_89et._2330403614;2860000₽;ул. Чапаева, д. 4/1Б
1-к. квартира, 26м², 5/6эт.;/stavropol/kvartiry/1-k._kvartira_26m_56et._2215247060;2450000₽;ул. Пригородная, д. 251А
1-к. квартира, 41,5м², 7/9эт.;/stavropol/kvartiry/1-k._kvartira_415m_79et._2350115511;2628120₽;ул. Чапаева, д. 4/1Б
1-к. квартира, 34,3 м², 10/18 эт.;/stavropol/kvartiry/1-k._kvartira_343_m_1018_et._2347304518;2915500₽;ул. Матрёны Наздрачёвой, д. 5/2
1-к. квартира, 32,2м², 17/18эт.;/stavropol/kvartiry/1-k._kvartira_322m_1718et._2360208358;2500000₽;ул. Тюльпановая, д. 12
1-к. квартира, 34м², 8/18эт.;/stavropol/kvartiry/1-k._kvartira_34m_818et._2066582939;3690000₽;ул. Тухачевского, д. 30/7
1-к. квартира, 30м², 17/18эт.;/stavropol/kvartiry/1-k._kvartira_30m_1718et._2327951818;2380000₽;ул. Тюльпановая, д. 12
1-к. квартира, 35,7 м², 10/18 эт.;/stavropol/kvartiry/1-k._kvartira_357_m_1018_et._2347810842;3034500₽;ул. Матрёны Наздрачёвой, д. 7
1-к. квартира, 39,7м², 12/18эт.;/stavropol/kvartiry/1-k._kvartira_397m_1218et._2320524540;3500000₽;ул. Тухачевского, д. 30/8
1-к. квартира, 34,5м², 6/20эт.;/stavropol/kvartiry/1-k._kvartira_345m_620et._2326532976;3150000₽;ул. Матрёны Наздрачёвой, з/у 3/1
1-к. квартира, 32,3м², 10/18эт.;/stavropol/kvartiry/1-k._kvartira_323m_1018et._2264610907;2500000₽;ул. Тюльпановая, д. 12
1-к. квартира, 37,4м², 2/18эт.;/stavropol/kvartiry/1-k._kvartira_374m_218et._2360758057;2880000₽;ул. Тюльпановая, д. 12
1-к. квартира, 32,5м², 16/18эт.;/stavropol/kvartiry/1-k._kvartira_325m_1618et._2232432915;2500000₽;ул. Тюльпановая, д. 12
1-к. квартира, 43м², 16/16эт.;/stavropol/kvartiry/1-k._kvartira_43m_1616et._2287391813;4400000₽;ул. Генерала Маргелова, д. 5/2
1-к. квартира, 36м², 2/20эт.;/stavropol/kvartiry/1-k._kvartira_36m_220et._2221327427;3000000₽;ул. Матрёны Наздрачёвой, з/у 3
1-к. квартира, 29м², 6/6эт.;/stavropol/kvartiry/1-k._kvartira_29m_66et._2330798515;1850000₽;ул. Пригородная, д. 251А
1-к. квартира, 40м², 15/16эт.;/stavropol/kvartiry/1-k._kvartira_40m_1516et._2275568723;4300000₽;ул. Пирогова, д. 5/3, блок-секция 1-3
1-к. квартира, 40,1м², 14/25эт.;/stavropol/kvartiry/1-k._kvartira_401m_1425et._2080069543;2660000₽;ул. Тюльпановая, д. 10
1-к. квартира, 39м², 6/16эт.;/stavropol/kvartiry/1-k._kvartira_39m_616et._2249310535;2535000₽;ул. Южный Обход, д. 53Г
1-к. квартира, 39,8м², 10/25эт.;/stavropol/kvartiry/1-k._kvartira_398m_1025et._2080593547;2698000₽;ул. Тюльпановая, д. 10
1-к. квартира, 38,4м², 1/26эт.;/stavropol/kvartiry/1-k._kvartira_384m_126et._2271900707;2950000₽;ул. Доваторцев, д. 82/2, блок-секция 1-3
1-к. квартира, 40,2м², 1/9эт.;/stavropol/kvartiry/1-k._kvartira_402m_19et._2350192000;2562080₽;ул. Чапаева, д. 4/1Б
1-к. квартира, 44,5м², 3/16эт.;/stavropol/kvartiry/1-k._kvartira_445m_316et._2249505517;2893000₽;ул. Южный Обход, д. 53Г
1-к. квартира, 38м², 7/9эт.;/stavropol/kvartiry/1-k._kvartira_38m_79et._2329191828;2499000₽;пр-д Чапаевский , д. 57
1-к. квартира, 38м², 4/8эт.;/stavropol/kvartiry/1-k._kvartira_38m_48et._2243472017;2964000₽;кв-л 529, жилой дом
1-к. квартира, 41,5м², 5/9эт.;/stavropol/kvartiry/1-k._kvartira_415m_59et._1824509229;2628120₽;ул. Чапаева, д. 4/1Б
1-к. квартира, 54м², 4/8эт.;/stavropol/kvartiry/1-k._kvartira_54m_48et._2240709997;3780000₽;Ставрополь, Промышленный район, микрорайон № 35
1-к. квартира, 40м², 1/20эт.;/stavropol/kvartiry/1-k._kvartira_40m_120et._2329339816;3400000₽;ул. Матрёны Наздрачёвой, з/у 3/1
1-к. квартира, 34,2м², 9/14эт.;/stavropol/kvartiry/1-k._kvartira_342m_914et._2308132682;3100000₽;ул. Матрёны Наздрачёвой, з/у 3/1
1-к. квартира, 35м², 17/20эт.;/stavropol/kvartiry/1-k._kvartira_35m_1720et._2345459159;2965000₽;ул. Матрёны Наздрачёвой, з/у 3/3
1-к. квартира, 42м², 14/18эт.;/stavropol/kvartiry/1-k._kvartira_42m_1418et._2334933931;3800000₽;ул. Генерала Маргелова, д. 3/1
1-к. квартира, 46,3м², 2/14эт.;/stavropol/kvartiry/1-k._kvartira_463m_214et._2330161357;4030000₽;ул. Генерала Маргелова, д. 5/1
1-к. квартира, 36м², 2/18эт.;/stavropol/kvartiry/1-k._kvartira_36m_218et._2330645567;3250000₽;ул. Тухачевского, 30/7
1-к. квартира, 43м², 2/18эт.;/stavropol/kvartiry/1-k._kvartira_43m_218et._2289339317;4200000₽;ул. Генерала Маргелова, д. 7/2
1-к. квартира, 33,5м², 8/14эт.;/stavropol/kvartiry/1-k._kvartira_335m_814et._2357130135;3500000₽;ул. Генерала Маргелова, д. 5/1
1-к. квартира, 33,5м², 6/18эт.;/stavropol/kvartiry/1-k._kvartira_335m_618et._2321480750;3900000₽;ул. Матрёны Наздрачёвой, д. 7
1-к. квартира, 33,4м², 16/20эт.;/stavropol/kvartiry/1-k._kvartira_334m_1620et._2249540451;3070000₽;ул. Матрёны Наздрачёвой, з/у 3/1
1-к. квартира, 37,3м², 9/9эт.;/stavropol/kvartiry/1-k._kvartira_373m_99et._2336514757;2750000₽;ул. Чапаева, д. 4/1, корп. Б
1-к. квартира, 33,7м², 2/18эт.;/stavropol/kvartiry/1-k._kvartira_337m_218et._2249190573;3000000₽;ул. Матрёны Наздрачёвой, д. 5/2
1-к. квартира, 36м², 7/15эт.;/stavropol/kvartiry/1-k._kvartira_36m_715et._2344385861;2950000₽;ул. Рогожникова, д. 23, корп. 3, блок-секция 21
1-к. квартира, 45м², 2/14эт.;/stavropol/kvartiry/1-k._kvartira_45m_214et._2096200054;4399000₽;ул. Генерала Маргелова, д. 7/1
1-к. квартира, 34м², 5/14эт.;/stavropol/kvartiry/1-k._kvartira_34m_514et._2249052488;3350000₽;ул. Генерала Маргелова, д. 5/1
1-к. квартира, 38,6м², 6/16эт.;/stavropol/kvartiry/1-k._kvartira_386m_616et._2335669289;2400000₽;ул. Доваторцев, 90/7
1-к. квартира, 40м², 14/25эт.;/stavropol/kvartiry/1-k._kvartira_40m_1425et._1792571157;2660000₽;ул. Тюльпановая, д. 10
1-к. квартира, 37,5м², 15/25эт.;/stavropol/kvartiry/1-k._kvartira_375m_1525et._2310273020;3000000₽;ул. Доваторцев, д. 82/2, блок-секция 1-3
1-к. квартира, 33м², 15/18эт.;/stavropol/kvartiry/1-k._kvartira_33m_1518et._2168762237;2500000₽;ул. Тюльпановая, д. 12
1-к. квартира, 34м², 1/18эт.;/stavropol/kvartiry/1-k._kvartira_34m_118et._2299324518;3000000₽;ул. Генерала Маргелова, д. 3/1
1-к. квартира, 42м², 3/4эт.;/stavropol/kvartiry/1-k._kvartira_42m_34et._2360625389;3540000₽;ул. Рогожникова, д. 19/6
1-к. квартира, 38м², 9/25эт.;/stavropol/kvartiry/1-k._kvartira_38m_925et._2315729733;3100000₽;ул. Доваторцев, д. 82/2, блок-секция 1-3
1-к. квартира, 38,7м², 3/8эт.;/stavropol/kvartiry/1-k._kvartira_387m_38et._1984632379;3212100₽;ул. Рогожникова, д. 19/5
1-к. квартира, 33,5м², 15/20эт.;/stavropol/kvartiry/1-k._kvartira_335m_1520et._2317603471;3150000₽;ул. Матрёны Наздрачёвой, з/у 3/1
1-к. квартира, 45м², 12/14эт.;/stavropol/kvartiry/1-k._kvartira_45m_1214et._2336954434;4350000₽;ул. Генерала Маргелова, д. 5/1
1-к. квартира, 41м², 18/18эт.;/stavropol/kvartiry/1-k._kvartira_41m_1818et._2345272781;3560000₽;ул. Тухачевского, д. 30/7
1-к. квартира, 36,6м², 2/18эт.;/stavropol/kvartiry/1-k._kvartira_366m_218et._2168317233;2820000₽;ул. Тюльпановая, д. 12
1-к. квартира, 30,4м², 17/18эт.;/stavropol/kvartiry/1-k._kvartira_304m_1718et._2360699259;2380000₽;ул. Тюльпановая, д. 12
1-к. квартира, 35,1 м², 7/16 эт.;/stavropol/kvartiry/1-k._kvartira_351_m_716_et._2320137341;1700000₽;ул. Доваторцев, д. 90/3
1-к. квартира, 36м², 17/18эт.;/stavropol/kvartiry/1-k._kvartira_36m_1718et._2328738214;4190000₽;ул. Генерала Маргелова, д. 7/2
1-к. квартира, 43м², 1/16эт.;/stavropol/kvartiry/1-k._kvartira_43m_116et._2249014350;3620000₽;ул. Генерала Маргелова, д. 5/2
1-к. квартира, 33,5м², 7/9эт.;/stavropol/kvartiry/1-k._kvartira_335m_79et._2302727323;3200000₽;ул. Матрёны Наздрачёвой, з/у 3
1-к. квартира, 33,4м², 16/20эт.;/stavropol/kvartiry/1-k._kvartira_334m_1620et._2309766814;3070000₽;ул. Матрёны Наздрачёвой, з/у 3/1
1-к. квартира, 35,3м², 12/18эт.;/stavropol/kvartiry/1-k._kvartira_353m_1218et._2360836092;2720000₽;ул. Тюльпановая, д. 12
1-к. квартира, 36м², 18/18эт.;/stavropol/kvartiry/1-k._kvartira_36m_1818et._2325469777;3700000₽;ул. Генерала Маргелова, д. 9/2
1-к. квартира, 36м², 1/18эт.;/stavropol/kvartiry/1-k._kvartira_36m_118et._2328636735;2560000₽;ул. Тюльпановая, д. 12
1-к. квартира, 44,5м², 17/18эт.;/stavropol/kvartiry/1-k._kvartira_445m_1718et._2296432108;4700000₽;ул. Тухачевского, д. 30/8
1-к. квартира, 42,8м², 5/20эт.;/stavropol/kvartiry/1-k._kvartira_428m_520et._2312649617;3800000₽;ул. Матрёны Наздрачёвой, з/у 3/1
1-к. квартира, 35,6м², 10/20эт.;/stavropol/kvartiry/1-k._kvartira_356m_1020et._2319847331;3300000₽;ул. Матрёны Наздрачёвой, з/у 3/1
1-к. квартира, 36м², 11/25эт.;/stavropol/kvartiry/1-k._kvartira_36m_1125et._2232785643;2720000₽;ул. Тюльпановая, д. 12
1-к. квартира, 32м², 15/16эт.;/stavropol/kvartiry/1-k._kvartira_32m_1516et._2227140507;2870000₽;ул. Рогожникова, д. 23, корп. 2, блок-секция 20
1-к. квартира, 40,3 м², 5/8 эт.;/stavropol/kvartiry/1-k._kvartira_403_m_58_et._2296889494;3425500₽;ул. Алексея Яковлева, д. 1/1
1-к. квартира, 40м², 4/7эт.;/stavropol/kvartiry/1-k._kvartira_40m_47et._2320151175;2950000₽;пр-д Чапаевский , д. 57
1-к. квартира, 54м², 3/8эт.;/stavropol/kvartiry/1-k._kvartira_54m_38et._2272550375;3780000₽;Промышленный район, микрорайон № 35
1-к. квартира, 34м², 6/18эт.;/stavropol/kvartiry/1-k._kvartira_34m_618et._2296635959;3850000₽;ул. Генерала Маргелова, д. 5/2
1-к. квартира, 40м², 7/9эт.;/stavropol/kvartiry/1-k._kvartira_40m_79et._2330435510;2996250₽;ул. 45 Параллель, з/у 83
1-к. квартира, 46м², 13/15эт.;/stavropol/kvartiry/1-k._kvartira_46m_1315et._2049593238;4370000₽;ул. Генерала Маргелова, д. 7/1
1-к. квартира, 42м², 2/4эт.;/stavropol/kvartiry/1-k._kvartira_42m_24et._2302681699;4200000₽;ул. Рогожникова, д. 19/5
1-к. квартира, 45,9м², 5/9эт.;/stavropol/kvartiry/1-k._kvartira_459m_59et._2330227580;3442500₽;ул. 45 Параллель, з/у 83
1-к. квартира, 39м², 2/7эт.;/stavropol/kvartiry/1-k._kvartira_39m_27et._2271526632;2550000₽;ул. Чапаева, д. 4/1, корп. Б
1-к. квартира, 44,4м², 17/18эт.;/stavropol/kvartiry/1-k._kvartira_444m_1718et._2276918270;3805000₽;ул. Генерала Маргелова, д. 5/2
1-к. квартира, 42м², 7/9эт.;/stavropol/kvartiry/1-k._kvartira_42m_79et._2330569932;3150000₽;ул. 45 Параллель, з/у 83
1-к. квартира, 39,7м², 7/9эт.;/stavropol/kvartiry/1-k._kvartira_397m_79et._2330803698;2977500₽;ул. 45 Параллель, з/у 83
1-к. квартира, 43,6м², 1/5эт.;/stavropol/kvartiry/1-k._kvartira_436m_15et._2301314855;3117400₽;ул. Черниговская, д. 6
1-к. квартира, 35,5м², 17/18эт.;/stavropol/kvartiry/1-k._kvartira_355m_1718et._2277287007;3170000₽;ул. Генерала Маргелова, д. 3/1
1-к. квартира, 53,8м², 6/9эт.;/stavropol/kvartiry/1-k._kvartira_538m_69et._2329899724;3497000₽;ул. 45 Параллель, з/у 83
1-к. квартира, 39,5 м², 8/16 эт.;/stavropol/kvartiry/1-k._kvartira_395_m_816_et._2320003588;1800000₽;ул. Доваторцев, д. 90
1-к. квартира, 43,9 м², 11/23 эт.;/stavropol/kvartiry/1-k._kvartira_439_m_1123_et._2270311282;4100000₽;ул. Гражданская, д. 1/1
1-к. квартира, 37,3 м², 2/8 эт.;/stavropol/kvartiry/1-k._kvartira_373_m_28_et._2297483111;3170500₽;ул. Алексея Яковлева, д. 1/1
1-к. квартира, 33,3м², 5/16эт.;/stavropol/kvartiry/1-k._kvartira_333m_516et._2277744214;3220000₽;ул. Генерала Маргелова, д. 3/1
1-к. квартира, 34,3 м², 7/10 эт.;/stavropol/kvartiry/1-k._kvartira_343_m_710_et._2330628019;3100000₽;ул. Матрёны Наздрачёвой, д. 5/2
1-к. квартира, 40м², 1/18эт.;/stavropol/kvartiry/1-k._kvartira_40m_118et._2180966771;3600000₽;ул. Тухачевского, д. 30/11
1-к. квартира, 34,5м², 18/20эт.;/stavropol/kvartiry/1-k._kvartira_345m_1820et._2346321758;3150000₽;ул. Матрёны Наздрачёвой, з/у 3/1
1-к. квартира, 40,3 м², 5/8 эт.;/stavropol/kvartiry/1-k._kvartira_403_m_58_et._2296889494;3425500₽;ул. Алексея Яковлева, д. 1/1
1-к. квартира, 33,4м², 7/20эт.;/stavropol/kvartiry/1-k._kvartira_334m_720et._2309453177;3070000₽;ул. Матрёны Наздрачёвой, з/у 3/3
1-к. квартира, 39,5м², 8/18эт.;/stavropol/kvartiry/1-k._kvartira_395m_818et._2277110627;3428000₽;ул. Матрёны Наздрачёвой, з/у 3
1-к. квартира, 33,5м², 8/18эт.;/stavropol/kvartiry/1-k._kvartira_335m_818et._2313806486;2890000₽;ул. Матрёны Наздрачёвой, д. 7
1-к. квартира, 37м², 18/25эт.;/stavropol/kvartiry/1-k._kvartira_37m_1825et._2328526708;3100000₽;ул. Доваторцев, д. 82/2, блок-секция 1-3
1-к. квартира, 44м², 8/9эт.;/stavropol/kvartiry/1-k._kvartira_44m_89et._2333014582;2550000₽;ул. Чапаева, д. 4/1, корп. Б
1-к. квартира, 37,8м², 13/16эт.;/stavropol/kvartiry/1-k._kvartira_378m_1316et._2249406534;2457000₽;ул. Южный Обход, д. 53Г
1-к. квартира, 34м², 6/6эт.;/stavropol/kvartiry/1-k._kvartira_34m_66et._2360624600;1600000₽;ул. Пригородная, д. 251А
1-к. квартира, 32м², 15/16эт.;/stavropol/kvartiry/1-k._kvartira_32m_1516et._2227140507;2870000₽;ул. Рогожникова, д. 23, корп. 2, блок-секция 20
1-к. квартира, 40,5 м², 5/8 эт.;/stavropol/kvartiry/1-k._kvartira_405_m_58_et._2297278001;3442500₽;ул. Алексея Яковлева, д. 1/1
1-к. квартира, 34м², 9/18эт.;/stavropol/kvartiry/1-k._kvartira_34m_918et._2310028150;3700000₽;ул. Тухачевского, д. 30/8
1-к. квартира, 41,9 м², 13/16 эт.;/stavropol/kvartiry/1-k._kvartira_419_m_1316_et._2319941309;1888336₽;ул. Доваторцев, д. 90
1-к. квартира, 40м², 2/15эт.;/stavropol/kvartiry/1-k._kvartira_40m_215et._2307817260;2800000₽;ул. Рогожникова, д. 21, корп. 3
1-к. квартира, 40м², 13/16эт.;/stavropol/kvartiry/1-k._kvartira_40m_1316et._2292751510;4500000₽;пр-т Кулакова , д. 5/2
1-к. квартира, 43м², 9/16эт.;/stavropol/kvartiry/1-k._kvartira_43m_916et._2327888976;4850000₽;ул. Генерала Маргелова, д. 7/2
1-к. квартира, 39,6м², 10/23эт.;/stavropol/kvartiry/1-k._kvartira_396m_1023et._2303671279;3550000₽;ул. Гражданская, д. 1/1
1-к. квартира, 37м², 9/25эт.;/stavropol/kvartiry/1-k._kvartira_37m_925et._2306487510;3050000₽;ул. Доваторцев, д. 82/2, блок-секция 1-3
1-к. квартира, 45,3м², 2/15эт.;/stavropol/kvartiry/1-k._kvartira_453m_215et._2280200631;3530000₽;ул. Рогожникова, д. 21, корп. 3
1-к. квартира, 34м², 3/18эт.;/stavropol/kvartiry/1-k._kvartira_34m_318et._2166465432;3150000₽;ул. Генерала Маргелова, д. 7/2
1-к. квартира, 39,8м², 7/9эт.;/stavropol/kvartiry/1-k._kvartira_398m_79et._2300930630;2628120₽;ул. Чапаева, д. 4/1Б
1-к. квартира, 36м², 11/18эт.;/stavropol/kvartiry/1-k._kvartira_36m_1118et._2268455590;3300000₽;ул. Генерала Маргелова, д. 3/1
1-к. квартира, 44,1м², 4/8эт.;/stavropol/kvartiry/1-k._kvartira_441m_48et._2243775600;3187000₽;кв-л 529, жилой дом
1-к. квартира, 38,4м², 2/25эт.;/stavropol/kvartiry/1-k._kvartira_384m_225et._2278142143;3000000₽;ул. Доваторцев, д. 82/2, блок-секция 1-3
1-к. квартира, 40м², 2/18эт.;/stavropol/kvartiry/1-k._kvartira_40m_218et._2156487089;3450000₽;ул. Тухачевского, д. 30/11
1-к. квартира, 42,8м², 5/20эт.;/stavropol/kvartiry/1-k._kvartira_428m_520et._2354868658;3950000₽;ул. Матрёны Наздрачёвой, з/у 3/1
1-к. квартира, 40,7 м², 16/16 эт.;/stavropol/kvartiry/1-k._kvartira_407_m_1616_et._2320568742;1769970₽;ул. Доваторцев, д. 90/3
1-к. квартира, 38,5м², 10/16эт.;/stavropol/kvartiry/1-k._kvartira_385m_1016et._2249170384;2502500₽;ул. Южный Обход, д. 53Г
1-к. квартира, 40,5 м², 6/8 эт.;/stavropol/kvartiry/1-k._kvartira_405_m_68_et._2297328597;3442500₽;ул. Алексея Яковлева, д. 1/1
1-к. квартира, 38м², 2/18эт.;/stavropol/kvartiry/1-k._kvartira_38m_218et._2200310731;2880000₽;ул. Тюльпановая, д. 12
1-к. квартира, 34,7м², 3/6эт.;/stavropol/kvartiry/1-k._kvartira_347m_36et._2183170291;2350000₽;ул. Пригородная, д. 251А
1-к. квартира, 32,4м², 8/18эт.;/stavropol/kvartiry/1-k._kvartira_324m_818et._2309296059;2922000₽;ул. Матрёны Наздрачёвой, д. 5/1
1-к. квартира, 38м², 13/14эт.;/stavropol/kvartiry/1-k._kvartira_38m_1314et._2309695327;3360000₽;ул. Матрёны Наздрачёвой, д. 5/2
1-к. квартира, 39,4м², 15/23эт.;/stavropol/kvartiry/1-k._kvartira_394m_1523et._2319149887;3230000₽;пр-т Кулакова , д. 5/1
1-к. квартира, 34м², 8/18эт.;/stavropol/kvartiry/1-k._kvartira_34m_818et._2066582939;3690000₽;ул. Тухачевского, д. 30/7
1-к. квартира, 40,5 м², 5/8 эт.;/stavropol/kvartiry/1-k._kvartira_405_m_58_et._2297278001;3442500₽;ул. Алексея Яковлева, д. 1/1
1-к. квартира, 41м², 6/20эт.;/stavropol/kvartiry/1-k._kvartira_41m_620et._2355208600;4500000₽;ул. Генерала Маргелова, д. 3/1
1-к. квартира, 38,5 м², 16/16 эт.;/stavropol/kvartiry/1-k._kvartira_385_m_1616_et._2320613445;1721315₽;ул. Доваторцев, д. 90
1-к. квартира, 34м², 13/18эт.;/stavropol/kvartiry/1-k._kvartira_34m_1318et._2344523172;2900000₽;ул. Генерала Маргелова, д. 3/1
1-к. квартира, 38,9м², 8/16эт.;/stavropol/kvartiry/1-k._kvartira_389m_816et._2249339732;2529000₽;ул. Южный Обход, д. 53Г
1-к. квартира, 38,1м², 8/17эт.;/stavropol/kvartiry/1-k._kvartira_381m_817et._2324634558;3580000₽;пр-т Кулакова , д. 5/3
1-к. квартира, 34,9м², 14/14эт.;/stavropol/kvartiry/1-k._kvartira_349m_1414et._2357302264;3600000₽;ул. Генерала Маргелова, д. 3/1
1-к. квартира, 37,5 м², 1/20 эт.;/stavropol/kvartiry/1-k._kvartira_375_m_120_et._2187835564;3150000₽;ул. Матрёны Наздрачёвой, з/у 3/3
1-к. квартира, 39м², 2/7эт.;/stavropol/kvartiry/1-k._kvartira_39m_27et._1075806268;2250000₽;пр-д Чапаевский , д. 57
1-к. квартира, 49м², 9/16эт.;/stavropol/kvartiry/1-k._kvartira_49m_916et._2356898094;4680000₽;ул. Ленина, д. 417а, корп. 1
1-к. квартира, 35,7м², 7/10эт.;/stavropol/kvartiry/1-k._kvartira_357m_710et._2278031343;3030000₽;ул. Матрёны Наздрачёвой, д. 7
1-к. квартира, 40м², 9/10эт.;/stavropol/kvartiry/1-k._kvartira_40m_910et._2327468150;3360000₽;ул. Матрёны Наздрачёвой, д. 7/1
1-к. квартира, 37,3м², 2/8эт.;/stavropol/kvartiry/1-k._kvartira_373m_28et._2303663056;3145000₽;ул. Рогожникова, д. 19/3
1-к. квартира, 45м², 1/16эт.;/stavropol/kvartiry/1-k._kvartira_45m_116et._2315707922;4000000₽;ул. Генерала Маргелова, д. 3/1
1-к. квартира, 38,1 м², 23/25 эт.;/stavropol/kvartiry/1-k._kvartira_381_m_2325_et._2215497707;2784950₽;ул. Тюльпановая, д. 10
1-к. квартира, 36,5 м², 1/14 эт.;/stavropol/kvartiry/1-k._kvartira_365_m_114_et._2187549040;3102500₽;ул. Матрёны Наздрачёвой, з/у 3/3
1-к. квартира, 33,4м², 10/20эт.;/stavropol/kvartiry/1-k._kvartira_334m_1020et._2309311958;3000000₽;ул. Матрёны Наздрачёвой, з/у 3/3
1-к. квартира, 36,5м², 13/25эт.;/stavropol/kvartiry/1-k._kvartira_365m_1325et._2317047369;3100000₽;ул. Доваторцев, д. 82/2, блок-секция 1-3
1-к. квартира, 33,5м², 7/10эт.;/stavropol/kvartiry/1-k._kvartira_335m_710et._2316315609;2920000₽;ул. Матрёны Наздрачёвой, д. 5/2
1-к. квартира, 50,4м², 3/10эт.;/stavropol/kvartiry/1-k._kvartira_504m_310et._2225992770;5040000₽;ул. Ленина, д. 423/1
1-к. квартира, 33,4м², 8/20эт.;/stavropol/kvartiry/1-k._kvartira_334m_820et._2331692681;3030000₽;ул. Матрёны Наздрачёвой, з/у 3/3
1-к. квартира, 42,3 м², 1/14 эт.;/stavropol/kvartiry/1-k._kvartira_423_m_114_et._2187076997;3595500₽;ул. Матрёны Наздрачёвой, з/у 3/3
1-к. квартира, 41м², 5/22эт.;/stavropol/kvartiry/1-k._kvartira_41m_522et._2344403891;3970000₽;ул. 50 лет ВЛКСМ, д. 11, корп. 1
1-к. квартира, 38м², 3/16эт.;/stavropol/kvartiry/1-k._kvartira_38m_316et._2319351725;3700000₽;ул. Доваторцев, д. 90
1-к. квартира, 44м², 5/8эт.;/stavropol/kvartiry/1-k._kvartira_44m_58et._2285255408;4300000₽;ул. Рогожникова, д. 19/5
1-к. квартира, 35,7 м², 1/14 эт.;/stavropol/kvartiry/1-k._kvartira_357_m_114_et._2187125500;3034500₽;ул. Матрёны Наздрачёвой, з/у 3/3
1-к. квартира, 40,2м², 4/7эт.;/stavropol/kvartiry/1-k._kvartira_402m_47et._2308967208;2950000₽;пр-д Чапаевский , д. 57
1-к. квартира, 35,5м², 9/20эт.;/stavropol/kvartiry/1-k._kvartira_355m_920et._2246687512;2970000₽;ул. Матрёны Наздрачёвой, з/у 3/1
1-к. квартира, 46м², 1/14эт.;/stavropol/kvartiry/1-k._kvartira_46m_114et._2334872888;3850000₽;ул. Генерала Маргелова, д. 7/1
1-к. квартира, 40м², 20/25эт.;/stavropol/kvartiry/1-k._kvartira_40m_2025et._2350417124;2770000₽;ул. Тюльпановая, д. 10
1-к. квартира, 48,9м², 1/7эт.;/stavropol/kvartiry/1-k._kvartira_489m_17et._2309135115;3300000₽;ул. Чапаева, д. 4/1
1-к. квартира, 36,1 м², 1/20 эт.;/stavropol/kvartiry/1-k._kvartira_361_m_120_et._2187183894;3068500₽;ул. Матрёны Наздрачёвой, з/у 3/3
1-к. квартира, 41м², 1/9эт.;/stavropol/kvartiry/1-k._kvartira_41m_19et._2311471702;3650000₽;ул. Чапаева, д. 4/1, корп. Б
1-к. квартира, 46м², 1/14эт.;/stavropol/kvartiry/1-k._kvartira_46m_114et._2354166672;3850000₽;ул. Генерала Маргелова, д. 7/1
1-к. квартира, 36м², 8/18эт.;/stavropol/kvartiry/1-k._kvartira_36m_818et._2311243559;3180000₽;ул. Матрёны Наздрачёвой, д. 7
1-к. квартира, 44м², 17/25эт.;/stavropol/kvartiry/1-k._kvartira_44m_1725et._2148921413;3690000₽;ул. Доваторцев, д. 82/2, блок-секция 1-3
1-к. квартира, 36м², 7/18эт.;/stavropol/kvartiry/1-k._kvartira_36m_718et._2276997103;3335000₽;ул. Генерала Маргелова, д. 7/2
1-к. квартира, 34м², 5/6эт.;/stavropol/kvartiry/1-k._kvartira_34m_56et._2306905448;2100000₽;ул. Пригородная, д. 251А
1-к. квартира, 40м², 4/18эт.;/stavropol/kvartiry/1-k._kvartira_40m_418et._2276888287;4500000₽;ул. Генерала Маргелова, д. 3
1-к. квартира, 38,9м², 17/23эт.;/stavropol/kvartiry/1-k._kvartira_389m_1723et._2253108615;3375000₽;ул. Гражданская, д. 1/1
1-к. квартира, 39м², 15/16эт.;/stavropol/kvartiry/1-k._kvartira_39m_1516et._1429985102;3550000₽;ул. Родосская, д. 13
1-к. квартира, 33,4м², 8/20эт.;/stavropol/kvartiry/1-k._kvartira_334m_820et._2313848600;3050000₽;ул. Матрёны Наздрачёвой, з/у 3/1
1-к. квартира, 36,2м², 5/9эт.;/stavropol/kvartiry/1-k._kvartira_362m_59et._2338197933;3700000₽;ул. Добролюбова, д. 53, поз. 1
1-к. квартира, 49м², 9/16эт.;/stavropol/kvartiry/1-k._kvartira_49m_916et._2322981722;4680000₽;ул. Ленина, д. 417а, корп. 1
1-к. квартира, 45,5м², 12/16эт.;/stavropol/kvartiry/1-k._kvartira_455m_1216et._2354596817;4200000₽;ул. Пирогова, д. 5/3, блок-секция 1-3
1-к. квартира, 46м², 9/17эт.;/stavropol/kvartiry/1-k._kvartira_46m_917et._2316899309;4350000₽;ул. Пирогова, д. 5/3, блок-секция 1-3
1-к. квартира, 42м², 4/9эт.;/stavropol/kvartiry/1-k._kvartira_42m_49et._2350594689;2640000₽;ул. Чапаева, д. 4/1Б
1-к. квартира, 43,4м², 4/9эт.;/stavropol/kvartiry/1-k._kvartira_434m_49et._2317899261;2737680₽;ул. Чапаева, д. 4/1Б
1-к. квартира, 40м², 1/20эт.;/stavropol/kvartiry/1-k._kvartira_40m_120et._2329339816;3400000₽;ул. Матрёны Наздрачёвой, з/у 3/1
1-к. квартира, 32,2м², 17/18эт.;/stavropol/kvartiry/1-k._kvartira_322m_1718et._2360697339;2500000₽;ул. Тюльпановая, д. 12
1-к. квартира, 40,5 м², 6/8 эт.;/stavropol/kvartiry/1-k._kvartira_405_m_68_et._2297328597;3442500₽;ул. Алексея Яковлева, д. 1/1
1-к. квартира, 37м², 9/9эт.;/stavropol/kvartiry/1-k._kvartira_37m_99et._2350030714;2470000₽;ул. Чапаева, д. 4/1Б
1-к. квартира, 38м², 3/16эт.;/stavropol/kvartiry/1-k._kvartira_38m_316et._2285478687;3700000₽;ул. Доваторцев, 90/6
1-к. квартира, 54,8м², 3/9эт.;/stavropol/kvartiry/1-k._kvartira_548m_39et._2317642720;6600000₽;ул. Шпаковская, д. 109а
1-к. квартира, 40,3 м², 5/8 эт.;/stavropol/kvartiry/1-k._kvartira_403_m_58_et._2296889494;3425500₽;ул. Алексея Яковлева, д. 1/1
1-к. квартира, 34м², 8/18эт.;/stavropol/kvartiry/1-k._kvartira_34m_818et._2066582939;3690000₽;ул. Тухачевского, д. 30/7
1-к. квартира, 35м², 10/18эт.;/stavropol/kvartiry/1-k._kvartira_35m_1018et._2328077511;2720000₽;ул. Тюльпановая, д. 12
1-к. квартира, 32м², 7/10эт.;/stavropol/kvartiry/1-k._kvartira_32m_710et._2309608784;3050000₽;ул. Матрёны Наздрачёвой, з/у 3/2
1-к. квартира, 34м², 3/3эт.;/stavropol/kvartiry/1-k._kvartira_34m_33et._2278007751;2290000₽;микрорайон Чапаевка, Лозовая ул., 24/1
1-к. квартира, 33м², 4/18эт.;/stavropol/kvartiry/1-k._kvartira_33m_418et._2317261019;2850000₽;ул. Матрёны Наздрачёвой, д. 5/2
1-к. квартира, 38м², 1/4эт.;/stavropol/kvartiry/1-k._kvartira_38m_14et._2322511884;3800000₽;ул. Якова Андрюшина, д. 1
1-к. квартира, 43м², 3/18эт.;/stavropol/kvartiry/1-k._kvartira_43m_318et._2327909726;4800000₽;ул. Генерала Маргелова, д. 5/2
1-к. квартира, 33,2м², 2/6эт.;/stavropol/kvartiry/1-k._kvartira_332m_26et._2302087936;3150000₽;ул. Матрёны Наздрачёвой, з/у 3/3
1-к. квартира, 33,4м², 7/14эт.;/stavropol/kvartiry/1-k._kvartira_334m_714et._2025442881;3120000₽;ул. Матрёны Наздрачёвой, з/у 3
1-к. квартира, 39,6м², 8/25эт.;/stavropol/kvartiry/1-k._kvartira_396m_825et._2328887849;3850000₽;ул. Доваторцев, д. 82/2, блок-секция 1-3
1-к. квартира, 38,3м², 12/18эт.;/stavropol/kvartiry/1-k._kvartira_383m_1218et._2294395235;3850000₽;ул. Тухачевского, д. 30/8
1-к. квартира, 40м², 11/16эт.;/stavropol/kvartiry/1-k._kvartira_40m_1116et._2249389707;2600000₽;ул. Южный Обход, д. 53Г
1-к. квартира, 39м², 17/25эт.;/stavropol/kvartiry/1-k._kvartira_39m_1725et._2302072564;3315000₽;ул. Доваторцев, д. 82/2, блок-секция 1-3
1-к. квартира, 40,7м², 17/23эт.;/stavropol/kvartiry/1-k._kvartira_407m_1723et._2318300227;3800000₽;ул. Гражданская, д. 1/1
1-к. квартира, 38м², 1/9эт.;/stavropol/kvartiry/1-k._kvartira_38m_19et._2357807220;2550000₽;кв-л 529, жилой дом
1-к. квартира, 38м², 6/14эт.;/stavropol/kvartiry/1-k._kvartira_38m_614et._2311642507;3500000₽;ул. Матрёны Наздрачёвой, д. 7/1
1-к. квартира, 41,5м², 3/9эт.;/stavropol/kvartiry/1-k._kvartira_415m_39et._2301369963;2737680₽;ул. Чапаева, д. 4/1Б
1-к. квартира, 39,3м², 14/15эт.;/stavropol/kvartiry/1-k._kvartira_393m_1415et._2346273047;3000000₽;ул. Рогожникова, д. 21, корп. 3
1-к. квартира, 33м², 2/18эт.;/stavropol/kvartiry/1-k._kvartira_33m_218et._2333296895;3600000₽;ул. Пирогова, д. 5а, корп. 6
1-к. квартира, 40м², 1/15эт.;/stavropol/kvartiry/1-k._kvartira_40m_115et._2312571445;2804000₽;ул. Рогожникова, д. 21, корп. 3
1-к. квартира, 33,4м², 7/14эт.;/stavropol/kvartiry/1-k._kvartira_334m_714et._2313307563;3030000₽;ул. Матрёны Наздрачёвой, з/у 3/3
1-к. квартира, 36м², 14/25эт.;/stavropol/kvartiry/1-k._kvartira_36m_1425et._2335274363;3150000₽;ул. Доваторцев, д. 82/2, блок-секция 1-3
1-к. квартира, 36м², 2/20эт.;/stavropol/kvartiry/1-k._kvartira_36m_220et._2309507407;3100000₽;ул. Матрёны Наздрачёвой, з/у 3/1
1-к. квартира, 34,6м², 7/18эт.;/stavropol/kvartiry/1-k._kvartira_346m_718et._2317650698;3300000₽;ул. Матрёны Наздрачёвой, д. 7/1
1-к. квартира, 37,7м², 6/8эт.;/stavropol/kvartiry/1-k._kvartira_377m_68et._2243781846;2940600₽;кв-л 529, жилой дом
1-к. квартира, 37м², 17/18эт.;/stavropol/kvartiry/1-k._kvartira_37m_1718et._2328035797;4300000₽;ул. Генерала Маргелова, д. 7/2
1-к. квартира, 33,4м², 7/20эт.;/stavropol/kvartiry/1-k._kvartira_334m_720et._2286116004;3060000₽;ул. Матрёны Наздрачёвой, з/у 3/1
1-к. квартира, 39,8м², 13/23эт.;/stavropol/kvartiry/1-k._kvartira_398m_1323et._2331286955;3230000₽;пр-т Кулакова , д. 5/1
1-к. квартира, 39,2м², 6/16эт.;/stavropol/kvartiry/1-k._kvartira_392m_616et._2264021702;3550000₽;ул. Генерала Маргелова, д. 3/1
1-к. квартира, 61м², 3/8эт.;/stavropol/kvartiry/1-k._kvartira_61m_38et._2272769084;4270000₽;ул. Рогожникова, 19/6
1-к. квартира, 33,6м², 11/14эт.;/stavropol/kvartiry/1-k._kvartira_336m_1114et._2232507426;3000000₽;ул. Матрёны Наздрачёвой, з/у 3
1-к. квартира, 35,1м², 9/10эт.;/stavropol/kvartiry/1-k._kvartira_351m_910et._2309628640;3333500₽;ул. Матрёны Наздрачёвой, з/у 3/3
1-к. квартира, 39м², 8/9эт.;/stavropol/kvartiry/1-k._kvartira_39m_89et._2353119627;2650000₽;ул. Чапаева, д. 4/1, корп. А
1-к. квартира, 47м², 2/4эт.;/stavropol/kvartiry/1-k._kvartira_47m_24et._2328211869;3880000₽;ул. Алмазная, д. 20, корп. 3, блок-секция 1-5
1-к. квартира, 45м², 7/9эт.;/stavropol/kvartiry/1-k._kvartira_45m_79et._2330358549;3300000₽;ул. Чапаева, д. 4/1Б
1-к. квартира, 33,5м², 10/18эт.;/stavropol/kvartiry/1-k._kvartira_335m_1018et._2309716013;3018000₽;ул. Матрёны Наздрачёвой, д. 7/1
1-к. квартира, 39,6м², 9/10эт.;/stavropol/kvartiry/1-k._kvartira_396m_910et._2309198651;3436000₽;ул. Матрёны Наздрачёвой, д. 7/1
1-к. квартира, 42м², 6/9эт.;/stavropol/kvartiry/1-k._kvartira_42m_69et._2245237670;2550000₽;ул. Чапаева, д. 4/1, корп. А
1-к. квартира, 36,9м², 1/5эт.;/stavropol/kvartiry/1-k._kvartira_369m_15et._2301140600;2638350₽;ул. Черниговская, д. 6
1-к. квартира, 35,1м², 6/18эт.;/stavropol/kvartiry/1-k._kvartira_351m_618et._2280994637;3500000₽;ул. Тухачевского, д. 30/7
1-к. квартира, 35,7м², 12/18эт.;/stavropol/kvartiry/1-k._kvartira_357m_1218et._2309491778;3070000₽;ул. Матрёны Наздрачёвой, д. 7
1-к. квартира, 33,5м², 9/18эт.;/stavropol/kvartiry/1-k._kvartira_335m_918et._2051093727;3950000₽;ул. Генерала Маргелова, д. 7/2
1-к. квартира, 38,3м², 12/18эт.;/stavropol/kvartiry/1-k._kvartira_383m_1218et._2308136187;3850000₽;ул. Тухачевского, д. 30/8
1-к. квартира, 40,5м², 5/9эт.;/stavropol/kvartiry/1-k._kvartira_405m_59et._2329650408;2500000₽;ул. Чапаева, д. 4/1, корп. А
1-к. квартира, 37,3м², 9/9эт.;/stavropol/kvartiry/1-k._kvartira_373m_99et._2317914875;2439840₽;ул. Чапаева, д. 4/1, корп. А
1-к. квартира, 33,3м², 12/20эт.;/stavropol/kvartiry/1-k._kvartira_333m_1220et._2316912423;3230000₽;ул. Генерала Маргелова, д. 3/1
1-к. квартира, 43м², 3/16эт.;/stavropol/kvartiry/1-k._kvartira_43m_316et._2335238138;4600000₽;ул. Генерала Маргелова, д. 5/2
1-к. квартира, 33,7м², 2/15эт.;/stavropol/kvartiry/1-k._kvartira_337m_215et._2333514915;3200000₽;ул. Генерала Маргелова, д. 5/1
1-к. квартира, 37,4м², 3/4эт.;/stavropol/kvartiry/1-k._kvartira_374m_34et._2329903528;2950000₽;ул. Рогожникова, д. 19/6
1-к. квартира, 37,4м², 2/18эт.;/stavropol/kvartiry/1-k._kvartira_374m_218et._2168469454;2880000₽;ул. Тюльпановая, д. 12
1-к. квартира, 36,6м², 2/18эт.;/stavropol/kvartiry/1-k._kvartira_366m_218et._2200313833;2820000₽;ул. Тюльпановая, д. 12
1-к. квартира, 32,5м², 16/18эт.;/stavropol/kvartiry/1-k._kvartira_325m_1618et._2232432915;2500000₽;ул. Тюльпановая, д. 12
1-к. квартира, 36м², 1/18эт.;/stavropol/kvartiry/1-k._kvartira_36m_118et._2328636735;2560000₽;ул. Тюльпановая, д. 12
1-к. квартира, 37,9м², 10/16эт.;/stavropol/kvartiry/1-k._kvartira_379m_1016et._2249032598;2502000₽;ул. Южный Обход, д. 53Г
1-к. квартира, 33,4м², 20/20эт.;/stavropol/kvartiry/1-k._kvartira_334m_2020et._2322021799;2790000₽;ул. Матрёны Наздрачёвой, з/у 3/3
1-к. квартира, 43,9м², 11/23эт.;/stavropol/kvartiry/1-k._kvartira_439m_1123et._2304931110;4150000₽;ул. Гражданская, д. 1/1
1-к. квартира, 35,3м², 12/18эт.;/stavropol/kvartiry/1-k._kvartira_353m_1218et._2360050710;2720000₽;ул. Тюльпановая, д. 12
1-к. квартира, 30м², 17/18эт.;/stavropol/kvartiry/1-k._kvartira_30m_1718et._2327951818;2380000₽;ул. Тюльпановая, д. 12
1-к. квартира, 36м², 11/25эт.;/stavropol/kvartiry/1-k._kvartira_36m_1125et._2232785643;2720000₽;ул. Тюльпановая, д. 12
1-к. квартира, 44м², 3/12эт.;/stavropol/kvartiry/1-k._kvartira_44m_312et._2174707409;4400000₽;ул. Ленина, д. 262
1-к. квартира, 37м², 9/25эт.;/stavropol/kvartiry/1-k._kvartira_37m_925et._2194929748;3050000₽;ул. Доваторцев, д. 82/2, блок-секция 1-3
1-к. квартира, 38м², 9/9эт.;/stavropol/kvartiry/1-k._kvartira_38m_99et._2318455585;2439800₽;ул. Чапаева, д. 4/1, корп. Б
1-к. квартира, 39,5м², 8/18эт.;/stavropol/kvartiry/1-k._kvartira_395m_818et._1773324475;3440000₽;ул. Тухачевского, д. 27
1-к. квартира, 43м², 3/18эт.;/stavropol/kvartiry/1-k._kvartira_43m_318et._2329814112;4800000₽;ул. Генерала Маргелова, д. 5/2
1-к. квартира, 43,4м², 4/9эт.;/stavropol/kvartiry/1-k._kvartira_434m_49et._2315773320;3650000₽;ул. Чехова, д. 138
1-к. квартира, 33,5м², 8/10эт.;/stavropol/kvartiry/1-k._kvartira_335m_810et._2335748800;3000000₽;ул. Матрёны Наздрачёвой, д. 5/2
1-к. квартира, 35м², 10/18эт.;/stavropol/kvartiry/1-k._kvartira_35m_1018et._2328077511;2720000₽;ул. Тюльпановая, д. 12
1-к. квартира, 45м², 1/6эт.;/stavropol/kvartiry/1-k._kvartira_45m_16et._2275587653;3150000₽;кв-л 529, жилой дом
1-к. квартира, 34м², 10/18эт.;/stavropol/kvartiry/1-k._kvartira_34m_1018et._2310428179;3800000₽;ул. Генерала Маргелова, д. 5/2
1-к. квартира, 40м², 9/25эт.;/stavropol/kvartiry/1-k._kvartira_40m_925et._2346392230;3750000₽;ул. Доваторцев, д. 82/2, блок-секция 1-3
1-к. квартира, 41м², 8/9эт.;/stavropol/kvartiry/1-k._kvartira_41m_89et._2318776760;2630000₽;ул. Чапаева, д. 4/1Б
1-к. квартира, 46м², 6/6эт.;/stavropol/kvartiry/1-k._kvartira_46m_66et._2144817092;2350000₽;ул. Пригородная, д. 251А
1-к. квартира, 61м², 5/6эт.;/stavropol/kvartiry/1-k._kvartira_61m_56et._2243155452;4270000₽;кв-л 529, жилой дом
1-к. квартира, 37м², 2/18эт.;/stavropol/kvartiry/1-k._kvartira_37m_218et._2336873160;3350000₽;ул. Генерала Маргелова, д. 3/1
1-к. квартира, 41м², 11/21эт.;/stavropol/kvartiry/1-k._kvartira_41m_1121et._2315619462;5550000₽;ул. 50 лет ВЛКСМ, д. 11, корп. 3
1-к. квартира, 40,8м², 4/21эт.;/stavropol/kvartiry/1-k._kvartira_408m_421et._2324609252;3800000₽;ул. Гражданская, д. 1/1
1-к. квартира, 35м², 9/18эт.;/stavropol/kvartiry/1-k._kvartira_35m_918et._2305512765;3600000₽;ул. Генерала Маргелова, д. 9/1
1-к. квартира, 40м², 1/9эт.;/stavropol/kvartiry/1-k._kvartira_40m_19et._2318802923;2523840₽;ул. Чапаева, д. 4/1Б
1-к. квартира, 36м², 10/14эт.;/stavropol/kvartiry/1-k._kvartira_36m_1014et._2277126409;3800000₽;ул. Генерала Маргелова, д. 9/1
1-к. квартира, 42,2м², 3/22эт.;/stavropol/kvartiry/1-k._kvartira_422m_322et._2279695744;3930000₽;ул. 50 лет ВЛКСМ, д. 11, корп. 2
1-к. квартира, 38,3м², 17/18эт.;/stavropol/kvartiry/1-k._kvartira_383m_1718et._2264740547;2950000₽;ул. Тюльпановая, д. 12
1-к. квартира, 33м², 9/9эт.;/stavropol/kvartiry/1-k._kvartira_33m_99et._2268676799;3090000₽;ул. Октябрьская, д. 202
1-к. квартира, 35,5м², 8/18эт.;/stavropol/kvartiry/1-k._kvartira_355m_818et._2307879065;3170000₽;ул. Матрёны Наздрачёвой, д. 5/1
1-к. квартира, 34,8м², 10/18эт.;/stavropol/kvartiry/1-k._kvartira_348m_1018et._2277419661;2986000₽;ул. Матрёны Наздрачёвой, д. 5/2
1-к. квартира, 38,8м², 1/6эт.;/stavropol/kvartiry/1-k._kvartira_388m_16et._2326805665;3700000₽;Ставрополь, улица Генерала Маргелова, 5/1
1-к. квартира, 45м², 1/8эт.;/stavropol/kvartiry/1-k._kvartira_45m_18et._2240184644;3150000₽;Ставрополь, Промышленный район, микрорайон № 35
1-к. квартира, 43м², 11/18эт.;/stavropol/kvartiry/1-k._kvartira_43m_1118et._2297502498;4700000₽;ул. Генерала Маргелова, д. 5/2
1-к. квартира, 38м², 17/18эт.;/stavropol/kvartiry/1-k._kvartira_38m_1718et._2313038030;3400000₽;ул. Генерала Маргелова, д. 3/1
1-к. квартира, 33,4м², 7/14эт.;/stavropol/kvartiry/1-k._kvartira_334m_714et._2280919048;3200000₽;ул. Генерала Маргелова, д. 5/1
1-к. квартира, 35,8м², 10/18эт.;/stavropol/kvartiry/1-k._kvartira_358m_1018et._2309002771;3300000₽;ул. Генерала Маргелова, д. 7/2
1-к. квартира, 34м², 1/18эт.;/stavropol/kvartiry/1-k._kvartira_34m_118et._2359002301;3100000₽;ул. Генерала Маргелова, д. 3/1
1-к. квартира, 40м², 7/7эт.;/stavropol/kvartiry/1-k._kvartira_40m_77et._2331226579;2550000₽;ул. Чапаева, д. 4/1
1-к. квартира, 40,2м², 2/9эт.;/stavropol/kvartiry/1-k._kvartira_402m_29et._2277798813;2750000₽;ул. Чапаева, д. 4/1Б
1-к. квартира, 45,8м², 16/16эт.;/stavropol/kvartiry/1-k._kvartira_458m_1616et._2280994862;4122000₽;ул. Пирогова, д. 5/3, блок-секция 1-3
1-к. квартира, 52м², 7/16эт.;/stavropol/kvartiry/1-k._kvartira_52m_716et._2216087807;3555000₽;ул. А. Савченко, д. 38, корп. 4
1-к. квартира, 45м², 1/9эт.;/stavropol/kvartiry/1-k._kvartira_45m_19et._2271878281;2749240₽;ул. Чапаева, д. 4/1Б
1-к. квартира, 37 м², 1/10 эт.;/stavropol/kvartiry/1-k._kvartira_37_m_110_et._2155874839;3145000₽;ул. Матрёны Наздрачёвой, з/у 3/2
1-к. квартира, 40,1 м², 1/10 эт.;/stavropol/kvartiry/1-k._kvartira_401_m_110_et._2155793268;3408500₽;ул. Матрёны Наздрачёвой, з/у 3/2
1-к. квартира, 36,1м², 1/18эт.;/stavropol/kvartiry/1-k._kvartira_361m_118et._2314873837;3060000₽;ул. Матрёны Наздрачёвой, д. 7
1-к. квартира, 36,6м², 1/17эт.;/stavropol/kvartiry/1-k._kvartira_366m_117et._2302753691;3450000₽;ул. Генерала Маргелова, д. 9/1
1-к. квартира, 39м², 4/4эт.;/stavropol/kvartiry/1-k._kvartira_39m_44et._2215270726;3950000₽;ул. Рогожникова, д. 19/4
1-к. квартира, 43,9м², 9/16эт.;/stavropol/kvartiry/1-k._kvartira_439m_916et._2312021687;3036000₽;ул. Рогожникова, д. 21, корп. 3
1-к. квартира, 44м², 13/15эт.;/stavropol/kvartiry/1-k._kvartira_44m_1315et._2280624086;3035000₽;ул. Рогожникова, д. 21, корп. 3
1-к. квартира, 41,5м², 7/9эт.;/stavropol/kvartiry/1-k._kvartira_415m_79et._2332180024;2599990₽;ул. Чапаева, д. 4/1Б
1-к. квартира, 36м², 14/18эт.;/stavropol/kvartiry/1-k._kvartira_36m_1418et._2312936004;3060000₽;ул. Матрёны Наздрачёвой, д. 5/2
1-к. квартира, 36м², 7/16эт.;/stavropol/kvartiry/1-k._kvartira_36m_716et._2320082941;2900000₽;ул. Рогожникова, д. 23, корп. 3, блок-секция 21
1-к. квартира, 39,7м², 6/16эт.;/stavropol/kvartiry/1-k._kvartira_397m_616et._2249039062;2581000₽;ул. Южный Обход, д. 53Г
1-к. квартира, 38,5м², 10/16эт.;/stavropol/kvartiry/1-k._kvartira_385m_1016et._2249170384;2502500₽;ул. Южный Обход, д. 53Г
1-к. квартира, 39,4м², 15/23эт.;/stavropol/kvartiry/1-k._kvartira_394m_1523et._2319149887;3230000₽;пр-т Кулакова , д. 5/1
1-к. квартира, 33,5м², 6/18эт.;/stavropol/kvartiry/1-k._kvartira_335m_618et._2327296816;3000000₽;ул. Матрёны Наздрачёвой, д. 5/2
1-к. квартира, 36м², 2/18эт.;/stavropol/kvartiry/1-k._kvartira_36m_218et._2311963044;3250000₽;ул. Тухачевского, 30/7
1-к. квартира, 42м², 8/9эт.;/stavropol/kvartiry/1-k._kvartira_42m_89et._2307416416;2900000₽;ул. 45 Параллель, з/у 83
1-к. квартира, 33,6м², 14/20эт.;/stavropol/kvartiry/1-k._kvartira_336m_1420et._2346608740;3100000₽;ул. Матрёны Наздрачёвой, з/у 3/1
1-к. квартира, 40,5 м², 5/8 эт.;/stavropol/kvartiry/1-k._kvartira_405_m_58_et._2297278001;3442500₽;ул. Алексея Яковлева, д. 1/1
1-к. квартира, 40,3 м², 5/8 эт.;/stavropol/kvartiry/1-k._kvartira_403_m_58_et._2296889494;3425500₽;ул. Алексея Яковлева, д. 1/1
1-к. квартира, 43,2м², 1/18эт.;/stavropol/kvartiry/1-k._kvartira_432m_118et._2306089375;3700000₽;ул. Генерала Маргелова, д. 5/2
1-к. квартира, 39 м², 17/23 эт.;/stavropol/kvartiry/1-k._kvartira_39_m_1723_et._2310996632;3375000₽;ул. Гражданская, д. 1/1
1-к. квартира, 50м², 2/9эт.;/stavropol/kvartiry/1-k._kvartira_50m_29et._2357540811;4500000₽;Шпаковская ул., 76/2А
1-к. квартира, 32м², 5/10эт.;/stavropol/kvartiry/1-k._kvartira_32m_510et._2313291327;2766000₽;ул. Матрёны Наздрачёвой, з/у 3/2
1-к. квартира, 40м², 5/7эт.;/stavropol/kvartiry/1-k._kvartira_40m_57et._2329902659;3500000₽;ул. Чехова, д. 67
1-к. квартира, 36,1м², 18/18эт.;/stavropol/kvartiry/1-k._kvartira_361m_1818et._2333828456;3700000₽;ул. Тухачевского, д. 30/7
1-к. квартира, 40м², 10/15эт.;/stavropol/kvartiry/1-k._kvartira_40m_1015et._2243122479;3250000₽;ул. Рогожникова, д. 23, корп. 3, блок-секция 22
1-к. квартира, 45,1м², 5/9эт.;/stavropol/kvartiry/1-k._kvartira_451m_59et._2291917081;3650000₽;ул. Шпаковская/Доваторцев, ЖК «Реномэ»
1-к. квартира, 37,4м², 2/4эт.;/stavropol/kvartiry/1-k._kvartira_374m_24et._2210199082;2992000₽;ул. Рогожникова, д. 19/6
1-к. квартира, 32м², 16/17эт.;/stavropol/kvartiry/1-k._kvartira_32m_1617et._2290117671;3150000₽;Ставрополь, улица Тухачевского, 27/4, подъезд 7
1-к. квартира, 39,5м², 13/18эт.;/stavropol/kvartiry/1-k._kvartira_395m_1318et._2312623979;3700000₽;ул. Генерала Маргелова, д. 5/2
1-к. квартира, 36м², 1/18эт.;/stavropol/kvartiry/1-k._kvartira_36m_118et._2280270403;3800000₽;ул. Тухачевского, д. 30/11
1-к. квартира, 33м², 1/18эт.;/stavropol/kvartiry/1-k._kvartira_33m_118et._2319834260;3400000₽;ул. Тухачевского, д. 30/11
1-к. квартира, 61м², 3/8эт.;/stavropol/kvartiry/1-k._kvartira_61m_38et._2301505012;4270000₽;кв-л 529, жилой дом
1-к. квартира, 34м², 6/18эт.;/stavropol/kvartiry/1-k._kvartira_34m_618et._2328006303;3900000₽;ул. Генерала Маргелова, д. 5/2
1-к. квартира, 45м², 4/17эт.;/stavropol/kvartiry/1-k._kvartira_45m_417et._2316967339;4750000₽;ул. Генерала Маргелова, д. 9/1
1-к. квартира, 34м², 3/6эт.;/stavropol/kvartiry/1-k._kvartira_34m_36et._2326815957;2100000₽;ул. Пригородная, д. 251А, корп. 1
1-к. квартира, 40,9м², 5/21эт.;/stavropol/kvartiry/1-k._kvartira_409m_521et._2278090375;3790000₽;ул. Гражданская, д. 1/1
1-к. квартира, 34м², 16/20эт.;/stavropol/kvartiry/1-k._kvartira_34m_1620et._2328322950;3050000₽;ул. Матрёны Наздрачёвой, з/у 3/1
1-к. квартира, 41м², 1/18эт.;/stavropol/kvartiry/1-k._kvartira_41m_118et._2278216160;3299000₽;ул. Генерала Маргелова, д. 5/2
1-к. квартира, 36м², 2/10эт.;/stavropol/kvartiry/1-k._kvartira_36m_210et._2273888363;2280000₽;ул. Тюльпановая, д. 10
1-к. квартира, 29м², 7/9эт.;/stavropol/kvartiry/1-k._kvartira_29m_79et._2307457947;2500000₽;ул. Чехова, д. 138
1-к. квартира, 40,3м², 10/25эт.;/stavropol/kvartiry/1-k._kvartira_403m_1025et._2197936512;3600000₽;ул. Доваторцев, д. 82/2, блок-секция 1-3
1-к. квартира, 39,5м², 3/23эт.;/stavropol/kvartiry/1-k._kvartira_395m_323et._2307547113;3480000₽;ул. Гражданская, д. 1/1
1-к. квартира, 37,8м², 7/16эт.;/stavropol/kvartiry/1-k._kvartira_378m_716et._2249028946;2495000₽;ул. Южный Обход, д. 53Г
1-к. квартира, 49м², 1/5эт.;/stavropol/kvartiry/1-k._kvartira_49m_15et._2300921871;3503500₽;ул. Черниговская, д. 6
1-к. квартира, 39,1м², 2/20эт.;/stavropol/kvartiry/1-k._kvartira_391m_220et._2330162042;4350000₽;ул. Генерала Маргелова, д. 5/2
1-к. квартира, 36,9 м², 1/5 эт.;/stavropol/kvartiry/1-k._kvartira_369_m_15_et._2311122577;2638350₽;ул. Черниговская, д. 6
1-к. квартира, 40м², 9/18эт.;/stavropol/kvartiry/1-k._kvartira_40m_918et._2327982056;3550000₽;ул. Тухачевского, д. 30/7
1-к. квартира, 34м², 2/18эт.;/stavropol/kvartiry/1-k._kvartira_34m_218et._2323335701;3250000₽;ул. Генерала Маргелова, д. 3/1
1-к. квартира, 34м², 12/18эт.;/stavropol/kvartiry/1-k._kvartira_34m_1218et._2247624118;2700000₽;ул. Генерала Маргелова, д. 7/2
1-к. квартира, 34м², 12/18эт.;/stavropol/kvartiry/1-k._kvartira_34m_1218et._2182316364;3450000₽;ул. Генерала Маргелова, д. 5/2
1-к. квартира, 44,1м², 2/8эт.;/stavropol/kvartiry/1-k._kvartira_441m_28et._2332013701;4300000₽;ул. Рогожникова, д. 19/4
1-к. квартира, 38,4м², 3/25эт.;/stavropol/kvartiry/1-k._kvartira_384m_325et._2283241193;3100000₽;ул. Доваторцев, д. 82/2, блок-секция 1-3
1-к. квартира, 38,2 м², 1/5 эт.;/stavropol/kvartiry/1-k._kvartira_382_m_15_et._2311531306;2731300₽;ул. Черниговская, д. 6
1-к. квартира, 40м², 9/18эт.;/stavropol/kvartiry/1-k._kvartira_40m_918et._2333606825;3390000₽;ул. Тухачевского, д. 30/7
1-к. квартира, 39м², 15/23эт.;/stavropol/kvartiry/1-k._kvartira_39m_1523et._2301723301;3760000₽;ул. Гражданская, д. 1/1
1-к. квартира, 35,4м², 11/18эт.;/stavropol/kvartiry/1-k._kvartira_354m_1118et._2313392696;3370000₽;ул. Генерала Маргелова, д. 3/1
1-к. квартира, 33,5м², 17/18эт.;/stavropol/kvartiry/1-k._kvartira_335m_1718et._2334903811;3700000₽;ул. Генерала Маргелова, д. 5/2
1-к. квартира, 36м², 1/18эт.;/stavropol/kvartiry/1-k._kvartira_36m_118et._2280270403;3800000₽;ул. Тухачевского, д. 30/11
1-к. квартира, 33м², 1/18эт.;/stavropol/kvartiry/1-k._kvartira_33m_118et._2319834260;3400000₽;ул. Тухачевского, д. 30/11
1-к. квартира, 61м², 3/8эт.;/stavropol/kvartiry/1-k._kvartira_61m_38et._2301505012;4270000₽;кв-л 529, жилой дом
1-к. квартира, 34м², 6/18эт.;/stavropol/kvartiry/1-k._kvartira_34m_618et._2328006303;3900000₽;ул. Генерала Маргелова, д. 5/2
1-к. квартира, 45м², 4/17эт.;/stavropol/kvartiry/1-k._kvartira_45m_417et._2316967339;4750000₽;ул. Генерала Маргелова, д. 9/1
1-к. квартира, 44м², 2/9эт.;/stavropol/kvartiry/1-k._kvartira_44m_29et._2318409520;2627000₽;ул. Чапаева, д. 4/1Б
1-к. квартира, 34м², 3/6эт.;/stavropol/kvartiry/1-k._kvartira_34m_36et._2326815957;2100000₽;ул. Пригородная, д. 251А, корп. 1
1-к. квартира, 48м², 2/4эт.;/stavropol/kvartiry/1-k._kvartira_48m_24et._2360442620;3880000₽;ул. Алмазная, д. 20, корп. 3, блок-секция 1-5
1-к. квартира, 36м², 1/18эт.;/stavropol/kvartiry/1-k._kvartira_36m_118et._2328636735;2560000₽;ул. Тюльпановая, д. 12
1-к. квартира, 38м², 2/18эт.;/stavropol/kvartiry/1-k._kvartira_38m_218et._2200310731;2880000₽;ул. Тюльпановая, д. 12
1-к. квартира, 40,9м², 5/21эт.;/stavropol/kvartiry/1-k._kvartira_409m_521et._2278090375;3790000₽;ул. Гражданская, д. 1/1
1-к. квартира, 34м², 16/20эт.;/stavropol/kvartiry/1-k._kvartira_34m_1620et._2328322950;3050000₽;ул. Матрёны Наздрачёвой, з/у 3/1
1-к. квартира, 41м², 1/18эт.;/stavropol/kvartiry/1-k._kvartira_41m_118et._2278216160;3299000₽;ул. Генерала Маргелова, д. 5/2
1-к. квартира, 35,3м², 12/18эт.;/stavropol/kvartiry/1-k._kvartira_353m_1218et._2360050710;2720000₽;ул. Тюльпановая, д. 12
1-к. квартира, 40,3 м², 5/8 эт.;/stavropol/kvartiry/1-k._kvartira_403_m_58_et._2296889494;3425500₽;ул. Алексея Яковлева, д. 1/1
1-к. квартира, 40,5 м², 6/8 эт.;/stavropol/kvartiry/1-k._kvartira_405_m_68_et._2297328597;3442500₽;ул. Алексея Яковлева, д. 1/1
1-к. квартира, 36м², 2/10эт.;/stavropol/kvartiry/1-k._kvartira_36m_210et._2273888363;2280000₽;ул. Тюльпановая, д. 10
1-к. квартира, 29м², 7/9эт.;/stavropol/kvartiry/1-k._kvartira_29m_79et._2307457947;2500000₽;ул. Чехова, д. 138
1-к. квартира, 40,3м², 10/25эт.;/stavropol/kvartiry/1-k._kvartira_403m_1025et._2197936512;3600000₽;ул. Доваторцев, д. 82/2, блок-секция 1-3
1-к. квартира, 39,5м², 3/23эт.;/stavropol/kvartiry/1-k._kvartira_395m_323et._2307547113;3480000₽;ул. Гражданская, д. 1/1
1-к. квартира, 37,8м², 7/16эт.;/stavropol/kvartiry/1-k._kvartira_378m_716et._2249028946;2495000₽;ул. Южный Обход, д. 53Г
1-к. квартира, 49м², 1/5эт.;/stavropol/kvartiry/1-k._kvartira_49m_15et._2300921871;3503500₽;ул. Черниговская, д. 6
1-к. квартира, 39,1м², 2/20эт.;/stavropol/kvartiry/1-k._kvartira_391m_220et._2330162042;4350000₽;ул. Генерала Маргелова, д. 5/2
1-к. квартира, 36,9 м², 1/5 эт.;/stavropol/kvartiry/1-k._kvartira_369_m_15_et._2311122577;2638350₽;ул. Черниговская, д. 6
1-к. квартира, 40м², 9/18эт.;/stavropol/kvartiry/1-k._kvartira_40m_918et._2327982056;3550000₽;ул. Тухачевского, д. 30/7
1-к. квартира, 34,2м², 16/20эт.;/stavropol/kvartiry/1-k._kvartira_342m_1620et._2309256286;3150000₽;ул. Матрёны Наздрачёвой, з/у 3/1
1-к. квартира, 34м², 2/18эт.;/stavropol/kvartiry/1-k._kvartira_34m_218et._2323335701;3250000₽;ул. Генерала Маргелова, д. 3/1
1-к. квартира, 34м², 12/18эт.;/stavropol/kvartiry/1-k._kvartira_34m_1218et._2247624118;2700000₽;ул. Генерала Маргелова, д. 7/2
1-к. квартира, 34м², 12/18эт.;/stavropol/kvartiry/1-k._kvartira_34m_1218et._2182316364;3450000₽;ул. Генерала Маргелова, д. 5/2
1-к. квартира, 44,1м², 2/8эт.;/stavropol/kvartiry/1-k._kvartira_441m_28et._2332013701;4300000₽;ул. Рогожникова, д. 19/4
1-к. квартира, 38,4м², 3/25эт.;/stavropol/kvartiry/1-k._kvartira_384m_325et._2283241193;3100000₽;ул. Доваторцев, д. 82/2, блок-секция 1-3
1-к. квартира, 38,2 м², 1/5 эт.;/stavropol/kvartiry/1-k._kvartira_382_m_15_et._2311531306;2731300₽;ул. Черниговская, д. 6
1-к. квартира, 40м², 9/18эт.;/stavropol/kvartiry/1-k._kvartira_40m_918et._2333606825;3390000₽;ул. Тухачевского, д. 30/7
1-к. квартира, 39м², 15/23эт.;/stavropol/kvartiry/1-k._kvartira_39m_1523et._2301723301;3760000₽;ул. Гражданская, д. 1/1
1-к. квартира, 35,4м², 11/18эт.;/stavropol/kvartiry/1-k._kvartira_354m_1118et._2313392696;3370000₽;ул. Генерала Маргелова, д. 3/1
1-к. квартира, 33,5м², 17/18эт.;/stavropol/kvartiry/1-k._kvartira_335m_1718et._2334903811;3700000₽;ул. Генерала Маргелова, д. 5/2
1-к. квартира, 39,6м², 12/18эт.;/stavropol/kvartiry/1-k._kvartira_396m_1218et._2309050444;3699000₽;ул. Генерала Маргелова, д. 5/2
1-к. квартира, 39,7 м², 1/9 эт.;/stavropol/kvartiry/1-k._kvartira_397_m_19_et._2247872040;2604360₽;ул. Чапаева, д. 4/1, корп. Б
1-к. квартира, 41м², 6/7эт.;/stavropol/kvartiry/1-k._kvartira_41m_67et._2326238032;2450000₽;ул. Чапаева, д. 4/1
1-к. квартира, 37,2м², 5/16эт.;/stavropol/kvartiry/1-k._kvartira_372m_516et._2332851381;3000000₽;ул. Рогожникова, д. 23. корп. 2, блок-секция 19
1-к. квартира, 39,8м², 2/25эт.;/stavropol/kvartiry/1-k._kvartira_398m_225et._2067084987;2657900₽;ул. Тюльпановая, д. 10
1-к. квартира, 40,5 м², 7/8 эт.;/stavropol/kvartiry/1-k._kvartira_405_m_78_et._2297824523;3442500₽;ул. Алексея Яковлева, д. 1/1
1-к. квартира, 40м², 7/7эт.;/stavropol/kvartiry/1-k._kvartira_40m_77et._2329208664;3150000₽;ул. Чапаева, д. 4/1
1-к. квартира, 59,3м², 8/12эт.;/stavropol/kvartiry/1-k._kvartira_593m_812et._2310062315;8005500₽;ул. Артема, д. 18Б
1-к. квартира, 40,2м², 1/9эт.;/stavropol/kvartiry/1-k._kvartira_402m_19et._2323575589;2562080₽;ул. Чапаева, д. 4/1Б
1-к. квартира, 50,4м², 4/18эт.;/stavropol/kvartiry/1-k._kvartira_504m_418et._2311140804;4530000₽;ул. Матрёны Наздрачёвой, з/у 3
1-к. квартира, 38,2 м², 1/9 эт.;/stavropol/kvartiry/1-k._kvartira_382_m_19_et._2247268081;2562080₽;ул. Чапаева, д. 4/1Б
1-к. квартира, 43,6 м², 5/5 эт.;/stavropol/kvartiry/1-k._kvartira_436_m_55_et._2310903541;3117400₽;ул. Черниговская, д. 6
1-к. квартира, 36м², 15/18эт.;/stavropol/kvartiry/1-k._kvartira_36m_1518et._2315680444;3150000₽;ул. Генерала Маргелова, д. 3/1
1-к. квартира, 36м², 14/20эт.;/stavropol/kvartiry/1-k._kvartira_36m_1420et._2312978363;3360000₽;ул. Матрёны Наздрачёвой, з/у 3/1
1-к. квартира, 31м², 1/6эт.;/stavropol/kvartiry/1-k._kvartira_31m_16et._2331880163;1850000₽;ул. Пригородная, д. 251А
1-к. квартира, 40м², 9/16эт.;/stavropol/kvartiry/1-k._kvartira_40m_916et._2296889300;2750000₽;ул. Доваторцев, д. 90
1-к. квартира, 41м², 4/9эт.;/stavropol/kvartiry/1-k._kvartira_41m_49et._2326214747;2560000₽;ул. Чапаева, д. 4/1, корп. Б
1-к. квартира, 33,2м², 15/18эт.;/stavropol/kvartiry/1-k._kvartira_332m_1518et._2268230214;3250000₽;ул. Генерала Маргелова, д. 3/1
1-к. квартира, 36,5м², 13/25эт.;/stavropol/kvartiry/1-k._kvartira_365m_1325et._2325809471;3150000₽;ул. Доваторцев, д. 82/2, блок-секция 1-3
1-к. квартира, 38,5м², 5/16эт.;/stavropol/kvartiry/1-k._kvartira_385m_516et._2249005893;2503000₽;ул. Южный Обход, д. 53Г
1-к. квартира, 33м², 9/9эт.;/stavropol/kvartiry/1-k._kvartira_33m_99et._812162599;3090000₽;ул. Октябрьская, д. 202
1-к. квартира, 36м², 14/19эт.;/stavropol/kvartiry/1-k._kvartira_36m_1419et._2290003748;4000000₽;ул. Генерала Маргелова, д. 7/2
1-к. квартира, 36м², 2/20эт.;/stavropol/kvartiry/1-k._kvartira_36m_220et._2320222908;3370000₽;ул. Матрёны Наздрачёвой, з/у 3/3
1-к. квартира, 33,2м², 2/18эт.;/stavropol/kvartiry/1-k._kvartira_332m_218et._2335050105;3000000₽;ул. Генерала Маргелова, д. 3/1
1-к. квартира, 40м², 8/9эт.;/stavropol/kvartiry/1-k._kvartira_40m_89et._2198802467;2980000₽;ул. Чапаева, д. 4/1, корп. А
1-к. квартира, 35,8м², 17/20эт.;/stavropol/kvartiry/1-k._kvartira_358m_1720et._2307660619;3400000₽;ул. Матрёны Наздрачёвой, з/у 3/3
1-к. квартира, 35,6м², 16/20эт.;/stavropol/kvartiry/1-k._kvartira_356m_1620et._2309045889;3360000₽;ул. Матрёны Наздрачёвой, з/у 3/1
1-к. квартира, 40,3 м², 5/8 эт.;/stavropol/kvartiry/1-k._kvartira_403_m_58_et._2296889494;3425500₽;ул. Алексея Яковлева, д. 1/1
1-к. квартира, 32,2м², 17/18эт.;/stavropol/kvartiry/1-k._kvartira_322m_1718et._2360697339;2500000₽;ул. Тюльпановая, д. 12
1-к. квартира, 39,7м², 6/16эт.;/stavropol/kvartiry/1-k._kvartira_397m_616et._2249039062;2581000₽;ул. Южный Обход, д. 53Г
1-к. квартира, 32м², 3/6эт.;/stavropol/kvartiry/1-k._kvartira_32m_36et._2329815922;2100000₽;ул. Пригородная, д. 251А
1-к. квартира, 43,9м², 11/18эт.;/stavropol/kvartiry/1-k._kvartira_439m_1118et._2310504221;4100000₽;ул. Гражданская, д. 1/1
1-к. квартира, 44м², 18/25эт.;/stavropol/kvartiry/1-k._kvartira_44m_1825et._2149011054;3820000₽;ул. Доваторцев, д. 82/2, блок-секция 1-3
1-к. квартира, 34м², 8/18эт.;/stavropol/kvartiry/1-k._kvartira_34m_818et._2066582939;3690000₽;ул. Тухачевского, д. 30/7
1-к. квартира, 38,5м², 10/16эт.;/stavropol/kvartiry/1-k._kvartira_385m_1016et._2249170384;2502500₽;ул. Южный Обход, д. 53Г
1-к. квартира, 39,4м², 15/23эт.;/stavropol/kvartiry/1-k._kvartira_394m_1523et._2319149887;3230000₽;пр-т Кулакова , д. 5/1
1-к. квартира, 33,3м², 7/18эт.;/stavropol/kvartiry/1-k._kvartira_333m_718et._2289519371;3200000₽;ул. Генерала Маргелова, д. 3/1
1-к. квартира, 49 м², 5/5 эт.;/stavropol/kvartiry/1-k._kvartira_49_m_55_et._2311645776;3503500₽;ул. Черниговская, д. 6
1-к. квартира, 31,8м², 12/20эт.;/stavropol/kvartiry/1-k._kvartira_318m_1220et._2313546660;2990000₽;ул. Матрёны Наздрачёвой, з/у 3/1
1-к. квартира, 43,7 м², 1/5 эт.;/stavropol/kvartiry/1-k._kvartira_437_m_15_et._2311842449;3124550₽;ул. Черниговская, д. 6
1-к. квартира, 39,3м², 19/19эт.;/stavropol/kvartiry/1-k._kvartira_393m_1919et._2277023165;3400000₽;ул. Гражданская, д. 1/1
1-к. квартира, 62м², 5/12эт.;/stavropol/kvartiry/1-k._kvartira_62m_512et._2309919716;7440000₽;ул. Артема, д. 18Б
1-к. квартира, 54м², 10/18эт.;/stavropol/kvartiry/1-k._kvartira_54m_1018et._2328582175;6150000₽;ул. Генерала Маргелова, д. 7/1
1-к. квартира, 38м², 6/8эт.;/stavropol/kvartiry/1-k._kvartira_38m_68et._2308751800;3000000₽;кв-л 529, жилой дом
1-к. квартира, 35,7м², 6/18эт.;/stavropol/kvartiry/1-k._kvartira_357m_618et._2335573311;3035000₽;ул. Матрёны Наздрачёвой, д. 7
1-к. квартира, 38 м², 1/8 эт.;/stavropol/kvartiry/1-k._kvartira_38_m_18_et._2297333758;3230000₽;ул. Алексея Яковлева, д. 1/1
1-к. квартира, 37,9 м², 21/25 эт.;/stavropol/kvartiry/1-k._kvartira_379_m_2125_et._2246881183;2733840₽;ул. Тюльпановая, ЖК «Респект»
1-к. квартира, 33м², 3/12эт.;/stavropol/kvartiry/1-k._kvartira_33m_312et._2272914306;3010000₽;ул. Матрёны Наздрачёвой, д. 5/1
1-к. квартира, 40м², 8/8эт.;/stavropol/kvartiry/1-k._kvartira_40m_88et._1891014599;3415000₽;ул. Чапаева, д. 1
1-к. квартира, 43,4м², 4/9эт.;/stavropol/kvartiry/1-k._kvartira_434m_49et._2320344311;2691000₽;ул. Чапаева, д. 4/1, корп. А
1-к. квартира, 34м², 8/20эт.;/stavropol/kvartiry/1-k._kvartira_34m_820et._2313495120;3100000₽;ул. Матрёны Наздрачёвой, з/у 3/1
1-к. квартира, 46м², 3/18эт.;/stavropol/kvartiry/1-k._kvartira_46m_318et._2327902497;5250000₽;ул. Генерала Маргелова, д. 7/1
1-к. квартира, 32м², 14/18эт.;/stavropol/kvartiry/1-k._kvartira_32m_1418et._2200720025;2500000₽;ул. Тюльпановая, д. 12
1-к. квартира, 37,9 м², 24/25 эт.;/stavropol/kvartiry/1-k._kvartira_379_m_2425_et._2247381694;2771810₽;ул. Тюльпановая, д. 10
